case,T_s,x_value,x_units,total_rate,Dgt0_rate,Deq0_rate
PSA0p2,0.2,0.01,g,0.00896855110706,0.000915946183009,0.00805260492405
PSA0p2,0.2,0.0101393945768,g,0.0089684132508,0.000915946182976,0.00805246706783
PSA0p2,0.2,0.0102807322383,g,0.00896826826235,0.000915946182938,0.00805232207942
PSA0p2,0.2,0.0104240400702,g,0.00896811581028,0.000915946182897,0.00805216962738
PSA0p2,0.2,0.0105693455356,g,0.00896795554991,0.00091594618285,0.00805200936706
PSA0p2,0.2,0.0107166764803,g,0.00896778712292,0.000915946182799,0.00805184094012
PSA0p2,0.2,0.0108660611385,g,0.00896761015692,0.000915946182741,0.00805166397418
PSA0p2,0.2,0.0110175281379,g,0.00896742426503,0.000915946182678,0.00805147808235
PSA0p2,0.2,0.011171106505,g,0.00896722904544,0.000915946182607,0.00805128286284
PSA0p2,0.2,0.0113268256714,g,0.00896702408099,0.000915946182528,0.00805107789846
PSA0p2,0.2,0.0114847154784,g,0.00896680893871,0.000915946182441,0.00805086275627
PSA0p2,0.2,0.0116448061837,g,0.00896658316937,0.000915946182343,0.00805063698703
PSA0p2,0.2,0.0118071284667,g,0.00896634630705,0.000915946182235,0.00805040012481
PSA0p2,0.2,0.0119717134342,g,0.00896609786864,0.000915946182115,0.00805015168653
PSA0p2,0.2,0.0121385926269,g,0.00896583735344,0.000915946181982,0.00804989117146
PSA0p2,0.2,0.0123077980251,g,0.00896556424261,0.000915946181835,0.00804961806078
PSA0p2,0.2,0.0124793620547,g,0.00896527799878,0.000915946181671,0.0080493318171
PSA0p2,0.2,0.0126533175939,g,0.00896497806549,0.00091594618149,0.008049031884
PSA0p2,0.2,0.0128296979789,g,0.00896466386682,0.00091594618129,0.00804871768553
PSA0p2,0.2,0.0130085370109,g,0.00896433480679,0.000915946181069,0.00804838862572
PSA0p2,0.2,0.013189868962,g,0.00896399026897,0.000915946180823,0.00804804408815
PSA0p2,0.2,0.0133737285821,g,0.00896362961596,0.000915946180552,0.00804768343541
PSA0p2,0.2,0.0135601511057,g,0.00896325218889,0.000915946180253,0.00804730600864
PSA0p2,0.2,0.0137491722581,g,0.00896285730696,0.000915946179922,0.00804691112704
PSA0p2,0.2,0.0139408282628,g,0.00896244426694,0.000915946179556,0.00804649808739
PSA0p2,0.2,0.0141351558484,g,0.00896201234271,0.000915946179152,0.00804606616356
PSA0p2,0.2,0.014332192255,g,0.00896156078474,0.000915946178706,0.00804561460603
PSA0p2,0.2,0.0145319752424,g,0.00896108881963,0.000915946178215,0.00804514264141
PSA0p2,0.2,0.0147345430962,g,0.00896059564962,0.000915946177672,0.00804464947195
PSA0p2,0.2,0.0149399346361,g,0.00896008045214,0.000915946177074,0.00804413427507
PSA0p2,0.2,0.0151481892226,g,0.00895954237932,0.000915946176416,0.0080435962029
PSA0p2,0.2,0.0153593467651,g,0.0089589805575,0.00091594617569,0.00804303438181
PSA0p2,0.2,0.0155734477293,g,0.00895839408681,0.00091594617489,0.00804244791192
PSA0p2,0.2,0.0157905331447,g,0.00895778204072,0.00091594617401,0.00804183586671
PSA0p2,0.2,0.0160106446132,g,0.00895714346554,0.000915946173041,0.0080411972925
PSA0p2,0.2,0.0162338243161,g,0.00895647738004,0.000915946171976,0.00804053120806
PSA0p2,0.2,0.0164601150231,g,0.00895578277496,0.000915946170805,0.00803983660415
PSA0p2,0.2,0.0166895600998,g,0.00895505861265,0.000915946169517,0.00803911244313
PSA0p2,0.2,0.0169222035164,g,0.00895430382662,0.000915946168103,0.00803835765852
PSA0p2,0.2,0.0171580898561,g,0.00895351732115,0.00091594616655,0.0080375711546
PSA0p2,0.2,0.0173972643234,g,0.00895269797091,0.000915946164845,0.00803675180606
PSA0p2,0.2,0.0176397727531,g,0.00895184462057,0.000915946162973,0.0080358984576
PSA0p2,0.2,0.0178856616188,g,0.00895095608446,0.000915946160919,0.00803500992354
PSA0p2,0.2,0.018134978042,g,0.00895003114621,0.000915946158667,0.00803408498755
PSA0p2,0.2,0.0183877698008,g,0.00894906855844,0.000915946156199,0.00803312240224
PSA0p2,0.2,0.0186440853397,g,0.0089480670424,0.000915946153494,0.00803212088891
PSA0p2,0.2,0.0189039737782,g,0.00894702528775,0.000915946150531,0.00803107913722
PSA0p2,0.2,0.0191674849206,g,0.00894594195221,0.000915946147287,0.00802999580492
PSA0p2,0.2,0.0194346692654,g,0.00894481566135,0.000915946143737,0.00802886951762
PSA0p2,0.2,0.019705578015,g,0.00894364500835,0.000915946139851,0.0080276988685
PSA0p2,0.2,0.0199802630857,g,0.00894242855374,0.000915946135602,0.00802648241814
PSA0p2,0.2,0.0202587771174,g,0.00894116482529,0.000915946130955,0.00802521869433
PSA0p2,0.2,0.0205411734835,g,0.00893985231775,0.000915946125877,0.00802390619188
PSA0p2,0.2,0.0208275063019,g,0.00893848949279,0.000915946120329,0.00802254337246
PSA0p2,0.2,0.0211178304445,g,0.00893707477879,0.000915946114271,0.00802112866452
PSA0p2,0.2,0.0214122015482,g,0.00893560657083,0.000915946107657,0.00801966046317
PSA0p2,0.2,0.0217106760254,g,0.00893408323057,0.000915946100439,0.00801813713013
PSA0p2,0.2,0.0220133110749,g,0.00893250308624,0.000915946092565,0.00801655699368
PSA0p2,0.2,0.022320164693,g,0.0089308644326,0.000915946083979,0.00801491834862
PSA0p2,0.2,0.022631295684,g,0.00892916553099,0.000915946074621,0.00801321945637
PSA0p2,0.2,0.0229467636723,g,0.00892740460935,0.000915946064423,0.00801145854493
PSA0p2,0.2,0.0232666291133,g,0.0089255798623,0.000915946053315,0.00800963380899
PSA0p2,0.2,0.0235909533051,g,0.00892368945129,0.000915946041221,0.00800774341006
PSA0p2,0.2,0.0239197984002,g,0.00892173150468,0.000915946028057,0.00800578547662
PSA0p2,0.2,0.0242532274176,g,0.00891970411797,0.000915946013736,0.00800375810423
PSA0p2,0.2,0.0245913042547,g,0.00891760535398,0.000915945998159,0.00800165935582
PSA0p2,0.2,0.0249340936995,g,0.0089154332431,0.000915945981225,0.00799948726187
PSA0p2,0.2,0.0252816614433,g,0.00891318578357,0.000915945962821,0.00799723982075
PSA0p2,0.2,0.025634074093,g,0.00891086094179,0.000915945942828,0.00799491499897
PSA0p2,0.2,0.0259913991838,g,0.00890845665268,0.000915945921116,0.00799251073156
PSA0p2,0.2,0.0263537051927,g,0.00890597082002,0.000915945897547,0.00799002492248
PSA0p2,0.2,0.0267210615508,g,0.00890340131695,0.000915945871971,0.00798745544498
PSA0p2,0.2,0.0270935386573,g,0.00890074598635,0.000915945844227,0.00798480014213
PSA0p2,0.2,0.0274712078927,g,0.00889800264139,0.000915945814144,0.00798205682725
PSA0p2,0.2,0.0278541416324,g,0.00889516906603,0.000915945781537,0.00797922328449
PSA0p2,0.2,0.0282424132608,g,0.0088922430156,0.000915945746206,0.00797629726939
PSA0p2,0.2,0.0286360971851,g,0.00888922221741,0.000915945707939,0.00797327650947
PSA0p2,0.2,0.0290352688498,g,0.00888610437139,0.000915945666507,0.00797015870489
PSA0p2,0.2,0.029440004751,g,0.00888288715079,0.000915945621665,0.00796694152912
PSA0p2,0.2,0.0298503824512,g,0.00887956820287,0.00091594557315,0.00796362262972
PSA0p2,0.2,0.030266480594,g,0.0088761451497,0.000915945520681,0.00796019962902
PSA0p2,0.2,0.0306883789192,g,0.00887261558892,0.000915945463949,0.00795667012498
PSA0p2,0.2,0.0311161582782,g,0.00886897709458,0.00091594540262,0.00795303169196
PSA0p2,0.2,0.0315499006496,g,0.00886522721804,0.000915945336363,0.00794928188168
PSA0p2,0.2,0.0319896891543,g,0.00886136348883,0.000915945264812,0.00794541822402
PSA0p2,0.2,0.0324356080724,g,0.00885738341563,0.000915945187572,0.00794143822806
PSA0p2,0.2,0.0328877428583,g,0.00885328448724,0.000915945104221,0.00793733938302
PSA0p2,0.2,0.0333461801579,g,0.00884906417356,0.000915945014309,0.00793311915925
PSA0p2,0.2,0.0338110078248,g,0.0088447199267,0.000915944917357,0.00792877500934
PSA0p2,0.2,0.0342823149373,g,0.00884024918201,0.000915944812852,0.00792430436915
PSA0p2,0.2,0.0347601918154,g,0.00883564935918,0.000915944700246,0.00791970465894
PSA0p2,0.2,0.035244730038,g,0.00883091786351,0.000915944578957,0.00791497328456
PSA0p2,0.2,0.0357360224607,g,0.00882605208696,0.000915944448363,0.00791010763859
PSA0p2,0.2,0.0362341632332,g,0.00882104940938,0.000915944307802,0.00790510510158
PSA0p2,0.2,0.036739247818,g,0.00881590719983,0.00091594415657,0.00789996304326
PSA0p2,0.2,0.037251373008,g,0.00881062281771,0.000915943993893,0.00789467882382
PSA0p2,0.2,0.0377706369454,g,0.00880519361421,0.00091594381898,0.00788924979523
PSA0p2,0.2,0.0382971391405,g,0.00879961693356,0.000915943630992,0.00788367330257
PSA0p2,0.2,0.0388309804906,g,0.00879389011435,0.000915943429024,0.00787794668533
PSA0p2,0.2,0.0393722632996,g,0.00878801049096,0.000915943212116,0.00787206727885
PSA0p2,0.2,0.0399210912975,g,0.00878197539491,0.000915942979248,0.00786603241567
PSA0p2,0.2,0.04047756966,g,0.00877578215631,0.000915942729336,0.00785983942697
PSA0p2,0.2,0.041041805029,g,0.00876942810526,0.000915942461231,0.00785348564403
PSA0p2,0.2,0.0416139055332,g,0.00876291057335,0.000915942173711,0.00784696839964
PSA0p2,0.2,0.0421939808081,g,0.00875622689509,0.000915941865483,0.00784028502961
PSA0p2,0.2,0.0427821420177,g,0.00874937440944,0.000915941535174,0.00783343287427
PSA0p2,0.2,0.0433785018756,g,0.00874235046126,0.000915941181329,0.00782640927994
PSA0p2,0.2,0.0439831746665,g,0.00873515240289,0.000915940802406,0.00781921160049
PSA0p2,0.2,0.0445962762682,g,0.00872777759563,0.000915940396774,0.00781183719886
PSA0p2,0.2,0.0452179241737,g,0.00872022341129,0.000915939962703,0.00780428344859
PSA0p2,0.2,0.0458482375139,g,0.00871248723371,0.000915939498364,0.00779654773535
PSA0p2,0.2,0.0464873370802,g,0.00870456646033,0.000915939001816,0.00778862745852
PSA0p2,0.2,0.0471353453479,g,0.00869645850375,0.000915938471008,0.00778052003274
PSA0p2,0.2,0.0477923864994,g,0.00868816079327,0.000915937903789,0.00777222288948
PSA0p2,0.2,0.0484585864482,g,0.00867967077645,0.000915937297874,0.00776373347858
PSA0p2,0.2,0.049134072863,g,0.00867098592066,0.000915936650852,0.00775504926981
PSA0p2,0.2,0.0498189751921,g,0.00866210371464,0.000915935960174,0.00774616775446
PSA0p2,0.2,0.0505134246882,g,0.00865302167002,0.00091593522315,0.00773708644687
PSA0p2,0.2,0.0512175544336,g,0.00864373732291,0.000915934436938,0.00772780288597
PSA0p2,0.2,0.0519314993659,g,0.00863424823537,0.000915933598535,0.00771831463684
PSA0p2,0.2,0.0526553963033,g,0.00862455199701,0.000915932704785,0.00770861929222
PSA0p2,0.2,0.0533893839715,g,0.00861464622642,0.000915931752371,0.00769871447405
PSA0p2,0.2,0.0541336030297,g,0.00860452857275,0.000915930737787,0.00768859783496
PSA0p2,0.2,0.0548881960979,g,0.00859419671711,0.000915929657341,0.00767826705977
PSA0p2,0.2,0.0556533077843,g,0.0085836483741,0.000915928507142,0.00766771986696
PSA0p2,0.2,0.0564290847126,g,0.00857288129321,0.000915927283098,0.00765695401012
PSA0p2,0.2,0.0572156755506,g,0.0085618932603,0.000915925980899,0.0076459672794
PSA0p2,0.2,0.0580132310383,g,0.00855068209894,0.000915924596014,0.00763475750292
PSA0p2,0.2,0.058821904017,g,0.00853924567186,0.000915923123673,0.00762332254818
PSA0p2,0.2,0.0596418494584,g,0.00852758188227,0.000915921558866,0.0076116603234
PSA0p2,0.2,0.0604732244946,g,0.00851568867519,0.000915919896321,0.00759976877887
PSA0p2,0.2,0.061316188448,g,0.00850356403879,0.000915918130501,0.00758764590829
PSA0p2,0.2,0.0621709028616,g,0.00849120600562,0.000915916255589,0.00757528975003
PSA0p2,0.2,0.0630375315307,g,0.00847861265388,0.000915914265473,0.00756269838841
PSA0p2,0.2,0.0639162405334,g,0.00846578210864,0.000915912153736,0.0075498699549
PSA0p2,0.2,0.0648071982631,g,0.008452712543,0.00091590991364,0.00753680262936
PSA0p2,0.2,0.0657105754604,g,0.00843940217926,0.000915907538112,0.00752349464115
PSA0p2,0.2,0.0666265452458,g,0.00842584929002,0.000915905019732,0.00750994427029
PSA0p2,0.2,0.0675552831533,g,0.00841205219923,0.000915902350713,0.00749614984852
PSA0p2,0.2,0.0684969671636,g,0.0083980092833,0.000915899522885,0.00748210976041
PSA0p2,0.2,0.0694517777382,g,0.008383718972,0.000915896527681,0.00746782244432
PSA0p2,0.2,0.0704198978545,g,0.00836917974952,0.000915893356116,0.0074532863934
PSA0p2,0.2,0.0714015130401,g,0.00835439015531,0.000915889998769,0.00743850015654
PSA0p2,0.2,0.0723968114091,g,0.00833934878503,0.000915886445762,0.00742346233926
PSA0p2,0.2,0.0734059836976,g,0.00832405429131,0.000915882686743,0.00740817160457
PSA0p2,0.2,0.0744292233004,g,0.00830850538462,0.00091587871086,0.00739262667376
PSA0p2,0.2,0.0754667263084,g,0.00829270083399,0.000915874506739,0.00737682632726
PSA0p2,0.2,0.0765186915457,g,0.00827663946772,0.000915870062461,0.00736076940526
PSA0p2,0.2,0.0775853206079,g,0.00826032017403,0.000915865365536,0.00734445480849
PSA0p2,0.2,0.0786668179007,g,0.00824374190173,0.000915860402877,0.00732788149886
PSA0p2,0.2,0.0797633906793,g,0.00822690366076,0.00091585516077,0.00731104849999
PSA0p2,0.2,0.0808752490877,g,0.00820980452273,0.000915849624847,0.00729395489789
PSA0p2,0.2,0.0820026061993,g,0.00819244362142,0.000915843780052,0.00727659984137
PSA0p2,0.2,0.0831456780577,g,0.00817482015322,0.000915837610609,0.00725898254261
PSA0p2,0.2,0.0843046837179,g,0.00815693337749,0.00091583109999,0.0072411022775
PSA0p2,0.2,0.0854798452884,g,0.00813878261701,0.000915824230872,0.00722295838614
PSA0p2,0.2,0.0866713879739,g,0.00812036725817,0.000915816985105,0.00720455027307
PSA0p2,0.2,0.0878795401182,g,0.00810168675133,0.000915809343664,0.00718587740766
PSA0p2,0.2,0.0891045332482,g,0.00808274061097,0.000915801286611,0.00716693932435
PSA0p2,0.2,0.0903466021181,g,0.0080635284159,0.000915792793046,0.00714773562285
PSA0p2,0.2,0.0916059847544,g,0.0080440498094,0.00091578384106,0.00712826596834
PSA0p2,0.2,0.0928829225017,g,0.00802430449925,0.000915774407678,0.00710853009157
PSA0p2,0.2,0.0941776600687,g,0.00800429225785,0.000915764468812,0.00708852778903
PSA0p2,0.2,0.0954904455752,g,0.00798401292212,0.000915753999196,0.00706825892293
PSA0p2,0.2,0.0968215305997,g,0.00796346639356,0.000915742972328,0.00704772342123
PSA0p2,0.2,0.0981711702275,g,0.00794265263807,0.000915731360402,0.00702692127767
PSA0p2,0.2,0.0995396230998,g,0.00792157168586,0.000915719134241,0.00700585255162
PSA0p2,0.2,0.100927151463,g,0.00790022363129,0.000915706263218,0.00698451736807
PSA0p2,0.2,0.102334021219,g,0.00787860863261,0.000915692715186,0.00696291591742
PSA0p2,0.2,0.103760501977,g,0.00785672691173,0.000915678456387,0.00694104845534
PSA0p2,0.2,0.105206867102,g,0.00783457875393,0.000915663451367,0.00691891530256
PSA0p2,0.2,0.106673393773,g,0.00781216450749,0.000915647662881,0.00689651684461
PSA0p2,0.2,0.108160363031,g,0.00778948458337,0.000915631051798,0.00687385353157
PSA0p2,0.2,0.109668059834,g,0.00776653945469,0.000915613576987,0.00685092587771
PSA0p2,0.2,0.111196773112,g,0.0077433296564,0.000915595195213,0.00682773446118
PSA0p2,0.2,0.112746795824,g,0.00771985578467,0.000915575861014,0.00680427992366
PSA0p2,0.2,0.114318425013,g,0.00769611849644,0.000915555526578,0.00678056296986
PSA0p2,0.2,0.11591196186,g,0.0076721185088,0.000915534141607,0.0067565843672
PSA0p2,0.2,0.117527711746,g,0.00764785659841,0.000915511653176,0.00673234494524
PSA0p2,0.2,0.11916598431,g,0.00762333360084,0.000915488005585,0.00670784559525
PSA0p2,0.2,0.120827093504,g,0.00759855040988,0.000915463140199,0.00668308726968
PSA0p2,0.2,0.12251135766,g,0.00757350797687,0.000915436995281,0.00665807098158
PSA0p2,0.2,0.124219099545,g,0.00754820730988,0.000915409505817,0.00663279780407
PSA0p2,0.2,0.125950646426,g,0.00752264947301,0.000915380603324,0.00660726886968
PSA0p2,0.2,0.127706330131,g,0.00749683558547,0.000915350215656,0.00658148536982
PSA0p2,0.2,0.129486487115,g,0.00747076682082,0.000915318266793,0.00655544855403
PSA0p2,0.2,0.131291458521,g,0.00744444440601,0.000915284676623,0.00652915972938
PSA0p2,0.2,0.13312159025,g,0.00741786962049,0.000915249360706,0.00650262025978
PSA0p2,0.2,0.134977233023,g,0.00739104379527,0.000915212230035,0.00647583156524
PSA0p2,0.2,0.13685874245,g,0.00736396831191,0.000915173190772,0.00644879512114
PSA0p2,0.2,0.138766479098,g,0.0073366446015,0.000915132143983,0.00642151245752
PSA0p2,0.2,0.14070080856,g,0.00730907414361,0.000915088985349,0.00639398515826
PSA0p2,0.2,0.142662101526,g,0.00728125846521,0.000915043604869,0.00636621486034
PSA0p2,0.2,0.144650733852,g,0.00725319913957,0.000914995886547,0.00633820325303
PSA0p2,0.2,0.146667086634,g,0.0072248977851,0.000914945708062,0.00630995207704
PSA0p2,0.2,0.148711546281,g,0.00719635606415,0.000914892940423,0.00628146312373
PSA0p2,0.2,0.150784504586,g,0.00716757568185,0.000914837447612,0.00625273823424
PSA0p2,0.2,0.152886358806,g,0.00713855838483,0.000914779086203,0.00622377929862
PSA0p2,0.2,0.155017511734,g,0.00710930595998,0.000914717704975,0.006194588255
PSA0p2,0.2,0.157178371777,g,0.00707982023314,0.000914653144496,0.00616516708865
PSA0p2,0.2,0.159369353038,g,0.00705010306779,0.000914585236697,0.0061355178311
PSA0p2,0.2,0.16159087539,g,0.00702015636368,0.00091451380443,0.00610564255925
PSA0p2,0.2,0.163843364558,g,0.00698998205546,0.000914438661006,0.00607554339445
PSA0p2,0.2,0.166127252203,g,0.00695958211126,0.00091435960971,0.00604522250155
PSA0p2,0.2,0.168442976004,g,0.00692895853127,0.000914276443307,0.00601468208796
PSA0p2,0.2,0.170790979739,g,0.00689811334628,0.000914188943528,0.00598392440275
PSA0p2,0.2,0.173171713372,g,0.00686704861619,0.000914096880532,0.00595295173566
PSA0p2,0.2,0.175585633141,g,0.00683576642852,0.000914000012357,0.00592176641616
PSA0p2,0.2,0.178033201643,g,0.00680426889684,0.000913898084351,0.00589037081249
PSA0p2,0.2,0.180514887922,g,0.00677255815928,0.000913790828589,0.00585876733069
PSA0p2,0.2,0.183031167562,g,0.0067406363769,0.000913677963264,0.00582695841364
PSA0p2,0.2,0.185582522776,g,0.00670850573215,0.000913559192073,0.00579494654007
PSA0p2,0.2,0.188169442497,g,0.00667616842724,0.00091343420358,0.00576273422366
PSA0p2,0.2,0.190792422477,g,0.00664362668253,0.000913302670565,0.00573032401196
PSA0p2,0.2,0.193451965374,g,0.0066108827349,0.000913164249359,0.00569771848554
PSA0p2,0.2,0.196148580858,g,0.00657793883612,0.000913018579168,0.00566492025695
PSA0p2,0.2,0.198882785699,g,0.00654479725117,0.000912865281376,0.00563193196979
PSA0p2,0.2,0.201655103872,g,0.00651146025661,0.000912703958847,0.00559875629776
PSA0p2,0.2,0.204466066658,g,0.00647793013892,0.000912534195212,0.00556539594371
PSA0p2,0.2,0.20731621274,g,0.00644420919285,0.00091235555414,0.00553185363871
PSA0p2,0.2,0.210206088313,g,0.00641029971975,0.000912167578616,0.00549813214113
PSA0p2,0.2,0.213136247184,g,0.00637620402593,0.000911969790198,0.00546423423573
PSA0p2,0.2,0.216107250881,g,0.00634192442103,0.000911761688282,0.00543016273275
PSA0p2,0.2,0.219119668758,g,0.0063074632164,0.000911542749355,0.00539592046704
PSA0p2,0.2,0.222174078106,g,0.00627282272349,0.000911312426255,0.00536151029723
PSA0p2,0.2,0.225271064265,g,0.00623800525225,0.000911070147427,0.00532693510483
PSA0p2,0.2,0.22841122073,g,0.00620301310964,0.000910815316187,0.00529219779346
PSA0p2,0.2,0.231595149274,g,0.00616784859803,0.000910547309992,0.00525730128804
PSA0p2,0.2,0.234823460055,g,0.00613251401376,0.000910265479715,0.00522224853405
PSA0p2,0.2,0.238096771738,g,0.00609701164568,0.000909969148941,0.00518704249674
PSA0p2,0.2,0.24141571161,g,0.00606134377376,0.000909657613266,0.00515168616049
PSA0p2,0.2,0.244780915704,g,0.00602551266774,0.000909330139625,0.00511618252811
PSA0p2,0.2,0.248193028919,g,0.00598952058583,0.000908985965629,0.0050805346202
PSA0p2,0.2,0.251652705141,g,0.00595336977352,0.000908624298941,0.00504474547457
PSA0p2,0.2,0.255160607373,g,0.00591706246237,0.000908244316664,0.00500881814571
PSA0p2,0.2,0.25871740786,g,0.00588060086898,0.00090784516477,0.00497275570421
PSA0p2,0.2,0.262323788216,g,0.00584398719397,0.000907425957562,0.00493656123641
PSA0p2,0.2,0.265980439559,g,0.00580722362106,0.000906985777171,0.00490023784388
PSA0p2,0.2,0.269688062639,g,0.00577031231624,0.000906523673099,0.00486378864314
PSA0p2,0.2,0.273447367974,g,0.00573325542709,0.000906038661803,0.00482721676529
PSA0p2,0.2,0.277259075986,g,0.00569605508215,0.000905529726335,0.00479052535582
PSA0p2,0.2,0.281123917141,g,0.0056587133904,0.000904995816032,0.00475371757437
PSA0p2,0.2,0.285042632085,g,0.00562123244089,0.000904435846263,0.00471679659463
PSA0p2,0.2,0.289015971791,g,0.00558361430249,0.00090384869824,0.00467976560425
PSA0p2,0.2,0.293044697697,g,0.00554586102375,0.000903233218897,0.00464262780485
PSA0p2,0.2,0.297129581858,g,0.00550797463291,0.000902588220831,0.00460538641207
PSA0p2,0.2,0.301271407088,g,0.00546995713806,0.000901912482329,0.00456804465573
PSA0p2,0.2,0.305470967116,g,0.00543181052743,0.00090120474746,0.00453060577997
PSA0p2,0.2,0.309729066733,g,0.00539353676985,0.000900463726258,0.00449307304359
PSA0p2,0.2,0.31404652195,g,0.00535513781533,0.000899688094989,0.00445544972034
PSA0p2,0.2,0.31842416015,g,0.00531661559585,0.000898876496504,0.00441773909935
PSA0p2,0.2,0.322862820254,g,0.00527797202631,0.00089802754069,0.00437994448562
PSA0p2,0.2,0.327363352872,g,0.0052392090056,0.000897139805012,0.00434206920059
PSA0p2,0.2,0.331926620473,g,0.00520032841792,0.000896211835162,0.00430411658275
PSA0p2,0.2,0.336553497551,g,0.00516133213418,0.000895242145802,0.00426608998838
PSA0p2,0.2,0.341244870785,g,0.00512222201369,0.000894229221423,0.00422799279227
PSA0p2,0.2,0.346001639219,g,0.00508299990595,0.000893171517307,0.00418982838865
PSA0p2,0.2,0.350824714424,g,0.00504366765264,0.000892067460598,0.00415160019204
PSA0p2,0.2,0.355715020682,g,0.00500422708979,0.000890915451494,0.00411331163829
PSA0p2,0.2,0.360673495157,g,0.00496468005017,0.000889713864545,0.00407496618562
PSA0p2,0.2,0.365701088078,g,0.0049250283658,0.000888461050079,0.00403656731572
PSA0p2,0.2,0.370798762917,g,0.0048852738707,0.000887155335736,0.00399811853496
PSA0p2,0.2,0.375967496579,g,0.00484541840376,0.000885795028129,0.00395962337563
PSA0p2,0.2,0.381208279584,g,0.00480546381183,0.000884378414617,0.00392108539721
PSA0p2,0.2,0.386522116263,g,0.00476541195298,0.00088290376521,0.00388250818777
PSA0p2,0.2,0.391910024943,g,0.00472526469988,0.000881369334581,0.0038438953653
PSA0p2,0.2,0.397373038149,g,0.0046850239434,0.000879773364204,0.0038052505792
PSA0p2,0.2,0.402912202795,g,0.00464469159633,0.000878114084615,0.00376657751172
PSA0p2,0.2,0.408528580393,g,0.00460426959726,0.000876389717779,0.00372787987949
PSA0p2,0.2,0.414223247248,g,0.00456375991462,0.00087459847958,0.00368916143504
PSA0p2,0.2,0.419997294672,g,0.00452316455078,0.000872738582425,0.00365042596836
PSA0p2,0.2,0.425851829184,g,0.00448248554639,0.00087080823795,0.00361167730844
PSA0p2,0.2,0.431787972733,g,0.00444172498474,0.000868805659843,0.0035729193249
PSA0p2,0.2,0.437806862904,g,0.00440088499624,0.000866729066763,0.00353415592947
PSA0p2,0.2,0.443909653139,g,0.00435996776301,0.000864576685361,0.00349539107765
PSA0p2,0.2,0.450097512961,g,0.00431897552356,0.000862346753392,0.00345662877017
PSA0p2,0.2,0.456371628192,g,0.0042779105775,0.000860037522926,0.00341787305458
PSA0p2,0.2,0.462733201188,g,0.00423677529031,0.000857647263629,0.00337912802668
PSA0p2,0.2,0.469183451061,g,0.00419557209814,0.000855174266132,0.00334039783201
PSA0p2,0.2,0.475723613919,g,0.00415430351269,0.000852616845471,0.00330168666722
PSA0p2,0.2,0.4823549431,g,0.00411297212599,0.000849973344582,0.00326299878141
PSA0p2,0.2,0.489078709414,g,0.00407158061529,0.000847242137868,0.00322433847742
PSA0p2,0.2,0.495896201384,g,0.00403013174779,0.000844421634802,0.00318571011299
PSA0p2,0.2,0.502808725494,g,0.00398862838545,0.000841510283582,0.00314711810187
PSA0p2,0.2,0.509817606442,g,0.00394707348966,0.000838506574812,0.00310856691485
PSA0p2,0.2,0.516924187389,g,0.00390547012586,0.00083540904521,0.00307006108065
PSA0p2,0.2,0.524129830221,g,0.00386382146802,0.000832216281332,0.00303160518669
PSA0p2,0.2,0.531435915805,g,0.00382213080309,0.000828926923306,0.00299320387979
PSA0p2,0.2,0.538843844261,g,0.00378040153522,0.000825539668551,0.00295486186667
PSA0p2,0.2,0.546355035221,g,0.00373863718987,0.000822053275494,0.00291658391438
PSA0p2,0.2,0.553970928111,g,0.00369684141775,0.000818466567262,0.00287837485049
PSA0p2,0.2,0.561692982416,g,0.00365501799856,0.000814778435334,0.00284023956323
PSA0p2,0.2,0.569522677971,g,0.00361317084453,0.000810987843155,0.00280218300137
PSA0p2,0.2,0.577461515236,g,0.0035713040037,0.000807093829695,0.002764210174
PSA0p2,0.2,0.585511015587,g,0.003529421663,0.000803095512943,0.00272632615005
PSA0p2,0.2,0.593672721607,g,0.00348752815105,0.000798992093324,0.00268853605772
PSA0p2,0.2,0.601948197383,g,0.00344562794066,0.000794782857035,0.00265084508362
PSA0p2,0.2,0.610339028803,g,0.00340372565107,0.000790467179279,0.00261325847179
PSA0p2,0.2,0.618846823862,g,0.00336182604985,0.000786044527397,0.00257578152245
PSA0p2,0.2,0.627473212971,g,0.00331993405451,0.000781514463884,0.00253841959062
PSA0p2,0.2,0.636219849266,g,0.0032780547337,0.000776876649276,0.00250117808442
PSA0p2,0.2,0.645088408927,g,0.00323619330815,0.0007721308449,0.00246406246325
PSA0p2,0.2,0.6540805915,g,0.00319435515119,0.000767276915486,0.00242707823571
PSA0p2,0.2,0.663198120221,g,0.00315254578888,0.000762314831608,0.00239023095727
PSA0p2,0.2,0.672442742348,g,0.00311077089979,0.000757244671982,0.00235352622781
PSA0p2,0.2,0.681816229494,g,0.00306903631437,0.000752066625573,0.0023169696888
PSA0p2,0.2,0.691320377968,g,0.00302734801391,0.00074678099353,0.00228056702038
PSA0p2,0.2,0.700957009117,g,0.0029857121291,0.000741388190931,0.00224432393817
PSA0p2,0.2,0.710727969677,g,0.00294413493816,0.000735888748335,0.00220824618982
PSA0p2,0.2,0.720635132129,g,0.00290262286454,0.000730283313122,0.00217233955142
PSA0p2,0.2,0.730680395053,g,0.00286118247426,0.000724572650633,0.00213660982363
PSA0p2,0.2,0.740865683494,g,0.0028198204727,0.000718757645093,0.00210106282761
PSA0p2,0.2,0.751192949332,g,0.00277854370111,0.000712839300308,0.0020657044008
PSA0p2,0.2,0.761664171655,g,0.00273735913257,0.000706818740148,0.00203054039243
PSA0p2,0.2,0.772281357139,g,0.00269627386761,0.000700697208785,0.00199557665882
PSA0p2,0.2,0.78304654043,g,0.00265529512934,0.000694476070718,0.00196081905862
PSA0p2,0.2,0.793961784538,g,0.00261443025825,0.000688156810544,0.00192627344771
PSA0p2,0.2,0.80502918123,g,0.00257368670652,0.000681741032504,0.00189194567402
PSA0p2,0.2,0.816250851429,g,0.00253307203198,0.000675230459785,0.0018578415722
PSA0p2,0.2,0.827628945625,g,0.00249259389165,0.000668626933583,0.00182396695807
PSA0p2,0.2,0.839165644283,g,0.00245226003493,0.000661932411925,0.001790327623
PSA0p2,0.2,0.850863158264,g,0.00241207829636,0.000655148968253,0.00175692932811
PSA0p2,0.2,0.862723729246,g,0.00237205658812,0.000648278789768,0.00172377779835
PSA0p2,0.2,0.874749630155,g,0.00233220289211,0.00064132417554,0.00169087871656
PSA0p2,0.2,0.886943165601,g,0.00229252525169,0.00063428753438,0.00165823771731
PSA0p2,0.2,0.899306672319,g,0.00225303176322,0.000627171382482,0.00162586038073
PSA0p2,0.2,0.911842519615,g,0.00221373056716,0.000619978340843,0.00159375222631
PSA0p2,0.2,0.924553109823,g,0.00217462983902,0.000612711132456,0.00156191870656
PSA0p2,0.2,0.937440878766,g,0.00213573777999,0.000605372579282,0.00153036520071
PSA0p2,0.2,0.950508296219,g,0.00209706260734,0.000597965599019,0.00149909700832
PSA0p2,0.2,0.963757866384,g,0.00205861254465,0.000590493201659,0.00146811934299
PSA0p2,0.2,0.977192128372,g,0.00202039581178,0.000582958485848,0.00143743732593
PSA0p2,0.2,0.990813656686,g,0.00198242061476,0.000575364635058,0.0014070559797
PSA0p2,0.2,1.00462506172,g,0.00194469513545,0.00056771491357,0.00137698022188
PSA0p2,0.2,1.01862899024,g,0.00190722752115,0.000560012662288,0.00134721485886
PSA0p2,0.2,1.03282812594,g,0.00187002587407,0.000552261294385,0.00131776457968
PSA0p2,0.2,1.04722518989,g,0.00183309824075,0.000544464290793,0.00128863394996
PSA0p2,0.2,1.0618229411,g,0.00179645260144,0.000536625195548,0.00125982740589
PSA0p2,0.2,1.07662417705,g,0.00176009685944,0.000528747610994,0.00123134924844
PSA0p2,0.2,1.09163173419,g,0.00172403883046,0.000520835192873,0.00120320363759
PSA0p2,0.2,1.10684848855,g,0.00168828623205,0.000512891645285,0.00117539458676
PSA0p2,0.2,1.12227735621,g,0.00165284667297,0.000504920715558,0.00114792595741
PSA0p2,0.2,1.13792129392,g,0.00161772764281,0.000496926189021,0.00112080145378
PSA0p2,0.2,1.15378329963,g,0.00158293650157,0.000488911883698,0.00109402461787
PSA0p2,0.2,1.1698664131,g,0.00154848046947,0.00048088164493,0.00106759882454
PSA0p2,0.2,1.18617371645,g,0.00151436661688,0.00047283933995,0.00104152727693
PSA0p2,0.2,1.20270833477,g,0.00148060185443,0.000464788852407,0.00101581300202
PSA0p2,0.2,1.2194734367,g,0.00144719292333,0.000456734076862,0.000990458846467
PSA0p2,0.2,1.23647223505,g,0.00141414638594,0.000448678913263,0.000965467472679
PSA0p2,0.2,1.25370798744,g,0.00138146861659,0.000440627261419,0.000940841355172
PSA0p2,0.2,1.27118399687,g,0.00134916579263,0.000432583015472,0.000916582777162
PSA0p2,0.2,1.28890361239,g,0.00131724388585,0.000424550058393,0.000892693827462
PSA0p2,0.2,1.30687022974,g,0.00128570865416,0.000416532256508,0.000869176397648
PSA0p2,0.2,1.325087292,g,0.0012545656336,0.000408533454067,0.000846032179534
PSA0p2,0.2,1.34355829022,g,0.0012238201308,0.000400557467862,0.000823262662934
PSA0p2,0.2,1.36228676414,g,0.00119347721566,0.000392608081924,0.000800869133738
PSA0p2,0.2,1.38127630283,g,0.00116354171458,0.000384689042281,0.000778852672298
PSA0p2,0.2,1.40053054539,g,0.00113401820395,0.000376804051824,0.000757214152129
PSA0p2,0.2,1.42005318165,g,0.00110491100419,0.000368956765258,0.000735954238929
PSA0p2,0.2,1.43984795288,g,0.00107622417409,0.000361150784175,0.000715073389919
PSA0p2,0.2,1.45991865247,g,0.00104796150575,0.000353389652242,0.000694571853508
PSA0p2,0.2,1.48026912674,g,0.0010201265198,0.000345676850521,0.000674449669283
PSA0p2,0.2,1.50090327558,g,0.000992722461254,0.00033801579294,0.000654706668314
PSA0p2,0.2,1.52182505326,g,0.000965752295697,0.000330409821899,0.000635342473798
PSA0p2,0.2,1.54303846918,g,0.000939218706057,0.000322862204049,0.000616356502008
PSA0p2,0.2,1.56454758862,g,0.000913124089798,0.000315376126231,0.000597747963567
PSA0p2,0.2,1.58635653351,g,0.000887470556633,0.000307954691592,0.000579515865041
PSA0p2,0.2,1.60846948327,g,0.000862259926725,0.00030060091589,0.000561659010835
PSA0p2,0.2,1.63089067555,g,0.000837493729379,0.000293317723978,0.000544176005401
PSA0p2,0.2,1.65362440709,g,0.000813173202234,0.000286107946492,0.000527065255742
PSA0p2,0.2,1.67667503453,g,0.000789299290955,0.000278974316742,0.000510324974214
PSA0p2,0.2,1.70004697521,g,0.000765872649407,0.0002719194678,0.000493953181607
PSA0p2,0.2,1.72374470806,g,0.00074289364033,0.000264945929815,0.000477947710515
PSA0p2,0.2,1.74777277446,g,0.000720362336495,0.00025805612753,0.000462306208965
PSA0p2,0.2,1.77213577908,g,0.000698278522338,0.000251252378024,0.000447026144314
PSA0p2,0.2,1.79683839077,g,0.000676641696071,0.000244536888678,0.000432104807393
PSA0p2,0.2,1.82188534347,g,0.000655451072255,0.00023791175536,0.000417539316895
PSA0p2,0.2,1.8472814371,g,0.00063470558483,0.000231378960843,0.000403326623986
PSA0p2,0.2,1.87303153851,g,0.000614403890588,0.000224940373443,0.000389463517145
PSA0p2,0.2,1.89914058236,g,0.000594544373084,0.00021859774589,0.000375946627195
PSA0p2,0.2,1.92561357213,g,0.000575125146963,0.000212352714419,0.000362772432544
PSA0p2,0.2,1.95245558102,g,0.0005561440627,0.000206206798101,0.000349937264598
PSA0p2,0.2,1.97967175295,g,0.000537598711727,0.000200161398385,0.000337437313342
PSA0p2,0.2,2.00726730356,g,0.000519486431951,0.00019421779887,0.00032526863308
PSA0p2,0.2,2.03524752118,g,0.000501804313619,0.000188377165302,0.000313427148318
PSA0p2,0.2,2.06361776786,g,0.000484549205543,0.000182640545778,0.000301908659766
PSA0p2,0.2,2.0923834804,g,0.000467717721644,0.000177008871178,0.000290708850465
PSA0p2,0.2,2.12155017136,g,0.000451306247808,0.000171482955798,0.000279823292009
PSA0p2,0.2,2.15112343018,g,0.000435310949042,0.000166063498192,0.00026924745085
PSA0p2,0.2,2.18110892419,g,0.000419727776893,0.000160751082212,0.000258976694681
PSA0p2,0.2,2.21151239973,g,0.000404552477124,0.000155546178253,0.00024900629887
PSA0p2,0.2,2.24233968322,g,0.000389780597623,0.000150449144674,0.000239331452949
PSA0p2,0.2,2.27359668233,g,0.000375407496528,0.000145460229411,0.000229947267117
PSA0p2,0.2,2.30528938705,g,0.000361428350537,0.000140579571766,0.000220848778771
PSA0p2,0.2,2.33742387089,g,0.000347838163401,0.00013580720436,0.00021203095904
PSA0p2,0.2,2.37000629201,g,0.000334631774552,0.000131143055256,0.000203488719296
PSA0p2,0.2,2.40304289441,g,0.00032180386788,0.000126586950225,0.000195216917655
PSA0p2,0.2,2.43654000913,g,0.000309348980599,0.000122138615169,0.000187210365431
PSA0p2,0.2,2.47050405546,g,0.000297261512219,0.000117797678674,0.000179463833545
PSA0p2,0.2,2.50494154217,g,0.00028553573357,0.000113563674697,0.000171972058873
PSA0p2,0.2,2.53985906878,g,0.000274165795885,0.000109436045369,0.000164729750516
PSA0p2,0.2,2.57526332677,g,0.000263145739897,0.000105414143912,0.000157731595985
PSA0p2,0.2,2.61116110092,g,0.000252469504955,0.000101497237656,0.000150972267299
PSA0p2,0.2,2.64755927057,g,0.000242130938116,9.76845111551e-05,0.000144446426961
PSA0p2,0.2,2.68446481096,g,0.000232123803209,9.39750693781e-05,0.000138148733831
PSA0p2,0.2,2.72188479458,g,0.000222441789846,9.03679409811e-05,0.000132073848865
PSA0p2,0.2,2.75982639247,g,0.000213078522363,8.68620816423e-05,0.00012621644072
PSA0p2,0.2,2.79829687566,g,0.000204027568674,8.34563774535e-05,0.00012057119122
PSA0p2,0.2,2.83730361652,g,0.000195282449018,8.01496483573e-05,0.00011513280066
PSA0p2,0.2,2.87685409019,g,0.000186836644585,7.69406516234e-05,0.000109895992961
PSA0p2,0.2,2.91695587602,g,0.000178683606005,7.38280853516e-05,0.000104855520654
PSA0p2,0.2,2.95761665899,g,0.000170816761687,7.0810591996e-05,0.000100006169691
PSA0p2,0.2,2.99884423123,g,0.000163229525982,6.78867618978e-05,9.53427640845e-05
PSA0p2,0.2,3.04064649347,g,0.000155915307177,6.50551368224e-05,9.08601703547e-05
PSA0p2,0.2,3.08303145657,g,0.000148867515285,6.23142134881e-05,8.6553301797e-05
PSA0p2,0.2,3.12600724307,g,0.000142079569637,5.96624470817e-05,8.24171225553e-05
PSA0p2,0.2,3.16958208873,g,0.000135544906252,5.70982547505e-05,7.84466515014e-05
PSA0p2,0.2,3.2137643441,g,0.000129256984983,5.46200190652e-05,7.46369659175e-05
PSA0p2,0.2,3.25856247615,g,0.000123209296423,5.2226091444e-05,7.09832049793e-05
PSA0p2,0.2,3.30398506987,g,0.000117395368573,4.99147955331e-05,6.74805730395e-05
PSA0p2,0.2,3.35004082991,g,0.000111808773243,4.76844305351e-05,6.41243427081e-05
PSA0p2,0.2,3.39673858227,g,0.000106443132213,4.55332744802e-05,6.09098577323e-05
PSA0p2,0.2,3.44408727597,g,0.000101292123106,4.34595874327e-05,5.78325356737e-05
PSA0p2,0.2,3.49209598479,g,9.63494850129e-05,4.14616146286e-05,5.48878703843e-05
PSA0p2,0.2,3.54077390897,g,9.16090238211e-05,3.95375895379e-05,5.20714342832e-05
PSA0p2,0.2,3.59013037701,g,8.70646172806e-05,3.76857368467e-05,4.93788804339e-05
PSA0p2,0.2,3.64017484745,g,8.27102197816e-05,3.59042753555e-05,4.68059444261e-05
PSA0p2,0.2,3.69091691066,g,7.85398668513e-05,3.41914207883e-05,4.43484460629e-05
PSA0p2,0.2,3.74236629072,g,7.4547679367e-05,3.25453885089e-05,4.20022908582e-05
PSA0p2,0.2,3.79453284724,g,7.07278674871e-05,3.09643961416e-05,3.97634713454e-05
PSA0p2,0.2,3.84742657726,g,6.70747342978e-05,2.94466660935e-05,3.76280682044e-05
PSA0p2,0.2,3.90105761719,g,6.35826791787e-05,2.79904279736e-05,3.55922512051e-05
PSA0p2,0.2,3.95543624473,g,6.02462008895e-05,2.65939209098e-05,3.36522799797e-05
PSA0p2,0.2,4.01057288086,g,5.70599003825e-05,2.52553957589e-05,3.18045046236e-05
PSA0p2,0.2,4.06647809178,g,5.40184833375e-05,2.39731172099e-05,3.00453661275e-05
PSA0p2,0.2,4.12316259103,g,5.11167624328e-05,2.27453657789e-05,2.83713966539e-05
PSA0p2,0.2,4.18063724146,g,4.83496593509e-05,2.15704396946e-05,2.67792196563e-05
PSA0p2,0.2,4.23891305734,g,4.57122065214e-05,2.04466566744e-05,2.5265549847e-05
PSA0p2,0.2,4.29800120649,g,4.31995486178e-05,1.93723555909e-05,2.38271930269e-05
PSA0p2,0.2,4.3579130124,g,4.08069438037e-05,1.83458980291e-05,2.24610457747e-05
PSA0p2,0.2,4.41865995639,g,3.85297647366e-05,1.73656697339e-05,2.11640950027e-05
PSA0p2,0.2,4.48025367983,g,3.63634993441e-05,1.6430081951e-05,1.99334173931e-05
PSA0p2,0.2,4.54270598637,g,3.43037513704e-05,1.55375726595e-05,1.87661787109e-05
PSA0p2,0.2,4.6060288442,g,3.23462407069e-05,1.46866077001e-05,1.76596330069e-05
PSA0p2,0.2,4.67023438833,g,3.04868035127e-05,1.38756817988e-05,1.6611121714e-05
PSA0p2,0.2,4.73533492292,g,2.87213921334e-05,1.31033194891e-05,1.56180726443e-05
PSA0p2,0.2,4.80134292365,g,2.70460748268e-05,1.23680759342e-05,1.46779988926e-05
PSA0p2,0.2,4.86827104012,g,2.54570353053e-05,1.16685376522e-05,1.3788497653e-05
PSA0p2,0.2,4.93613209824,g,2.39505721025e-05,1.10033231456e-05,1.29472489569e-05
PSA0p2,0.2,5.0049391027,g,2.2523097774e-05,1.03710834391e-05,1.21520143349e-05
PSA0p2,0.2,5.07470523949,g,2.11711379389e-05,9.77050252844e-06,1.14006354105e-05
PSA0p2,0.2,5.14544387839,g,1.98913301752e-05,9.20029774195e-06,1.06910324332e-05
PSA0p2,0.2,5.21716857555,g,1.86804227758e-05,8.65922001947e-06,1.00212027564e-05
PSA0p2,0.2,5.2898930761,g,1.75352733733e-05,8.14605411112e-06,9.38921926219e-06
PSA0p2,0.2,5.36363131674,g,1.64528474443e-05,7.65961869932e-06,8.79322874502e-06
PSA0p2,0.2,5.43839742846,g,1.54302167013e-05,7.19876644747e-06,8.23145025387e-06
PSA0p2,0.2,5.51420573924,g,1.44645573824e-05,6.76238397882e-06,7.7021734036e-06
PSA0p2,0.2,5.59107077676,g,1.35531484447e-05,6.34939178889e-06,7.20375665581e-06
PSA0p2,0.2,5.66900727121,g,1.26933696723e-05,5.95874409509e-06,6.73462557716e-06
PSA0p2,0.2,5.74803015813,g,1.18826997074e-05,5.58942862699e-06,6.29327108041e-06
PSA0p2,0.2,5.82815458123,g,1.11187140111e-05,5.24046636077e-06,5.8782476503e-06
PSA0p2,0.2,5.90939589534,g,1.03990827625e-05,4.91091120154e-06,5.48817156093e-06
PSA0p2,0.2,5.99176966931,g,9.72156870414e-06,4.59984961679e-06,5.12171908735e-06
PSA0p2,0.2,6.07529168902,g,9.08402494375e-06,4.30640022465e-06,4.77762471911e-06
PSA0p2,0.2,6.15997796038,g,8.48439271268e-06,4.0297133403e-06,4.45467937238e-06
PSA0p2,0.2,6.24584471244,g,7.92069909456e-06,3.76897048396e-06,4.1517286106e-06
PSA0p2,0.2,6.33290840046,g,7.3910547306e-06,3.52338385368e-06,3.86767087692e-06
PSA0p2,0.2,6.42118570906,g,6.89365150392e-06,3.29219576631e-06,3.60145573761e-06
PSA0p2,0.2,6.51069355548,g,6.4267602109e-06,3.07467806971e-06,3.3520821412e-06
PSA0p2,0.2,6.60144909273,g,5.98872822714e-06,2.87013152925e-06,3.11859669788e-06
PSA0p2,0.2,6.69346971296,g,5.57797717216e-06,2.67788519182e-06,2.90009198035e-06
PSA0p2,0.2,6.78677305072,g,5.19300057862e-06,2.49729572982e-06,2.69570484879e-06
PSA0p2,0.2,6.88137698642,g,4.83236156963e-06,2.32774676841e-06,2.50461480122e-06
PSA0p2,0.2,6.97729964967,g,4.49469054861e-06,2.16864819823e-06,2.32604235038e-06
PSA0p2,0.2,7.07455942282,g,4.17868291032e-06,2.01943547652e-06,2.15924743379e-06
PSA0p2,0.2,7.17317494447,g,3.88309677488e-06,1.87956891886e-06,2.00352785602e-06
PSA0p2,0.2,7.273165113,g,3.60675074339e-06,1.74853298399e-06,1.85821775939e-06
PSA0p2,0.2,7.37454909026,g,3.34852168261e-06,1.62583555389e-06,1.72268612872e-06
PSA0p2,0.2,7.47734630518,g,3.10734254988e-06,1.51100721119e-06,1.59633533869e-06
PSA0p2,0.2,7.58157645752,g,2.88220024757e-06,1.40360051594e-06,1.47859973163e-06
PSA0p2,0.2,7.68725952166,g,2.67213351693e-06,1.30318928363e-06,1.3689442333e-06
PSA0p2,0.2,7.7944157504,g,2.47623086915e-06,1.20936786609e-06,1.26686300305e-06
PSA0p2,0.2,7.90306567886,g,2.29362856622e-06,1.12175043701e-06,1.17187812921e-06
PSA0p2,0.2,8.0132301284,g,2.12350864412e-06,1.03997028353e-06,1.08353836059e-06
PSA0p2,0.2,8.12493021061,g,1.96509698006e-06,9.63679105374e-07,1.00141787469e-06
PSA0p2,0.2,8.2381873314,g,1.81766140411e-06,8.92546322681e-07,9.25115081425e-07
PSA0p2,0.2,8.35302319503,g,1.68050986775e-06,8.26258393841e-07,8.54251473908e-07
PSA0p2,0.2,8.46945980831,g,1.5529886614e-06,7.64518144333e-07,7.88470517066e-07
PSA0p2,0.2,8.58751948485,g,1.43448067565e-06,7.07044107554e-07,7.27436568094e-07
PSA0p2,0.2,8.70722484924,g,1.32440371689e-06,6.53569878497e-07,6.70833838392e-07
PSA0p2,0.2,8.8285988415,g,1.22220887844e-06,6.03843481057e-07,6.18365397385e-07
PSA0p2,0.2,8.95166472138,g,1.12737895965e-06,5.57626749629e-07,5.69752210026e-07
PSA0p2,0.2,9.07644607289,g,1.03942693754e-06,5.14694725592e-07,5.24732211944e-07
PSA0p2,0.2,9.20296680876,g,9.57894490663e-07,4.74835069178e-07,4.83059421485e-07
PSA0p2,0.2,9.33125117508,g,8.82350574395e-07,4.37847487142e-07,4.44503087253e-07
PSA0p2,0.2,9.46132375589,g,8.12390047669e-07,4.03543176586e-07,4.08846871083e-07
PSA0p2,0.2,9.59320947794,g,7.47632350438e-07,3.7174428519e-07,3.75888065248e-07
PSA0p2,0.2,9.72693361543,g,6.8772023225e-07,3.42283388064e-07,3.45436844186e-07
PSA0p2,0.2,9.86252179487,g,6.32318529002e-07,3.15002981346e-07,3.17315547656e-07
PSA0p2,0.2,10,g,5.81112989386e-07,2.89754992631e-07,2.91357996755e-07
PSA3p0,3,0.01,g,0.0049885145145,0.000905488626052,0.00408302588845
PSA3p0,3,0.0101393945768,g,0.00496191312001,0.000905281589898,0.00405663153012
PSA3p0,3,0.0102807322383,g,0.0049353988308,0.000905071664967,0.00403032716584
PSA3p0,3,0.0104240400702,g,0.00490897368632,0.000904858826062,0.00400411486026
PSA3p0,3,0.0105693455356,g,0.00488263968067,0.00090464304729,0.00397799663338
PSA3p0,3,0.0107166764803,g,0.00485639876182,0.000904424302001,0.00395197445981
PSA3p0,3,0.0108660611385,g,0.00483025283084,0.000904202562722,0.00392605026812
PSA3p0,3,0.0110175281379,g,0.00480420374123,0.000903977801092,0.00390022594014
PSA3p0,3,0.011171106505,g,0.00477825329813,0.000903749987787,0.00387450331034
PSA3p0,3,0.0113268256714,g,0.00475240325769,0.000903519092451,0.00384888416524
PSA3p0,3,0.0114847154784,g,0.00472665532642,0.000903285083611,0.00382337024281
PSA3p0,3,0.0116448061837,g,0.00470101116051,0.000903047928602,0.00379796323191
PSA3p0,3,0.0118071284667,g,0.00467547236527,0.000902807593473,0.0037726647718
PSA3p0,3,0.0119717134342,g,0.00465004049449,0.000902564042906,0.00374747645158
PSA3p0,3,0.0121385926269,g,0.00462471704992,0.000902317240114,0.0037223998098
PSA3p0,3,0.0123077980251,g,0.0045995034807,0.000902067146748,0.00369743633396
PSA3p0,3,0.0124793620547,g,0.00457440118289,0.000901813722793,0.0036725874601
PSA3p0,3,0.0126533175939,g,0.00454941149893,0.000901556926461,0.00364785457247
PSA3p0,3,0.0128296979789,g,0.00452453571718,0.000901296714079,0.0036232390031
PSA3p0,3,0.0130085370109,g,0.00449977507151,0.000901033039977,0.00359874203154
PSA3p0,3,0.013189868962,g,0.00447513074088,0.000900765856361,0.00357436488452
PSA3p0,3,0.0133737285821,g,0.00445060384889,0.000900495113195,0.0035501087357
PSA3p0,3,0.0135601511057,g,0.00442619546349,0.000900220758068,0.00352597470542
PSA3p0,3,0.0137491722581,g,0.00440190659657,0.000899942736058,0.00350196386051
PSA3p0,3,0.0139408282628,g,0.00437773820367,0.000899660989596,0.00347807721408
PSA3p0,3,0.0141351558484,g,0.00435369118369,0.000899375458319,0.00345431572537
PSA3p0,3,0.014332192255,g,0.00432976637856,0.00089908607892,0.00343068029964
PSA3p0,3,0.0145319752424,g,0.00430596457306,0.000898792784996,0.00340717178807
PSA3p0,3,0.0147345430962,g,0.00428228649453,0.000898495506888,0.00338379098765
PSA3p0,3,0.0149399346361,g,0.0042587328127,0.000898194171512,0.00336053864119
PSA3p0,3,0.0151481892226,g,0.00423530413946,0.000897888702196,0.00333741543727
PSA3p0,3,0.0153593467651,g,0.00421200102875,0.000897579018501,0.00331442201025
PSA3p0,3,0.0155734477293,g,0.00418882397637,0.000897265036038,0.00329155894034
PSA3p0,3,0.0157905331447,g,0.00416577341988,0.00089694666629,0.00326882675359
PSA3p0,3,0.0160106446132,g,0.00414284973849,0.000896623816414,0.00324622592208
PSA3p0,3,0.0162338243161,g,0.00412005325298,0.000896296389052,0.00322375686393
PSA3p0,3,0.0164601150231,g,0.00409738422562,0.000895964282124,0.0032014199435
PSA3p0,3,0.0166895600998,g,0.00407484286017,0.000895627388628,0.00317921547154
PSA3p0,3,0.0169222035164,g,0.00405242930181,0.000895285596424,0.00315714370539
PSA3p0,3,0.0171580898561,g,0.00403014363717,0.000894938788023,0.00313520484915
PSA3p0,3,0.0173972643234,g,0.00400798589431,0.000894586840364,0.00311339905394
PSA3p0,3,0.0176397727531,g,0.00398595604277,0.000894229624591,0.00309172641818
PSA3p0,3,0.0178856616188,g,0.00396405399364,0.000893867005821,0.00307018698782
PSA3p0,3,0.018134978042,g,0.0039422795996,0.000893498842912,0.00304878075669
PSA3p0,3,0.0183877698008,g,0.00392063265501,0.000893124988224,0.00302750766678
PSA3p0,3,0.0186440853397,g,0.00389911289601,0.000892745287376,0.00300636760863
PSA3p0,3,0.0189039737782,g,0.00387772000065,0.000892359579004,0.00298536042165
PSA3p0,3,0.0191674849206,g,0.00385645358904,0.000891967694505,0.00296448589453
PSA3p0,3,0.0194346692654,g,0.00383531322346,0.000891569457788,0.00294374376567
PSA3p0,3,0.019705578015,g,0.00381429840858,0.000891164685018,0.00292313372356
PSA3p0,3,0.0199802630857,g,0.0037934085916,0.000890753184353,0.00290265540724
PSA3p0,3,0.0202587771174,g,0.0037726431625,0.000890334755688,0.00288230840681
PSA3p0,3,0.0205411734835,g,0.00375200145423,0.000889909190384,0.00286209226384
PSA3p0,3,0.0208275063019,g,0.00373148274295,0.000889476271009,0.00284200647194
PSA3p0,3,0.0211178304445,g,0.00371108624829,0.000889035771065,0.00282205047723
PSA3p0,3,0.0214122015482,g,0.00369081113364,0.000888587454722,0.00280222367891
PSA3p0,3,0.0217106760254,g,0.00367065650639,0.00088813107655,0.00278252542984
PSA3p0,3,0.0220133110749,g,0.00365062141828,0.000887666381245,0.00276295503703
PSA3p0,3,0.022320164693,g,0.00363070486571,0.000887193103362,0.00274351176235
PSA3p0,3,0.022631295684,g,0.00361090579008,0.000886710967047,0.00272419482304
PSA3p0,3,0.0229467636723,g,0.00359122307815,0.000886219685767,0.00270500339239
PSA3p0,3,0.0232666291133,g,0.00357165556242,0.000885718962043,0.00268593660038
PSA3p0,3,0.0235909533051,g,0.00355220202153,0.000885208487192,0.00266699353434
PSA3p0,3,0.0239197984002,g,0.00353286118068,0.000884687941057,0.00264817323962
PSA3p0,3,0.0242532274176,g,0.00351363171206,0.000884156991756,0.0026294747203
PSA3p0,3,0.0245913042547,g,0.00349451223534,0.000883615295426,0.00261089693991
PSA3p0,3,0.0249340936995,g,0.00347550131811,0.000883062495973,0.00259243882214
PSA3p0,3,0.0252816614433,g,0.00345659747644,0.00088249822483,0.00257409925161
PSA3p0,3,0.025634074093,g,0.00343779917535,0.000881922100721,0.00255587707463
PSA3p0,3,0.0259913991838,g,0.00341910482943,0.000881333729424,0.0025377711
PSA3p0,3,0.0263537051927,g,0.00340051280335,0.000880732703557,0.00251978009979
PSA3p0,3,0.0267210615508,g,0.00338202141252,0.000880118602354,0.00250190281017
PSA3p0,3,0.0270935386573,g,0.00336362892373,0.000879490991468,0.00248413793226
PSA3p0,3,0.0274712078927,g,0.00334533355576,0.000878849422767,0.002466484133
PSA3p0,3,0.0278541416324,g,0.00332713348013,0.000878193434157,0.00244894004597
PSA3p0,3,0.0282424132608,g,0.00330902682179,0.000877522549404,0.00243150427238
PSA3p0,3,0.0286360971851,g,0.00329101165988,0.000876836277973,0.00241417538191
PSA3p0,3,0.0290352688498,g,0.00327308602856,0.000876134114883,0.00239695191367
PSA3p0,3,0.029440004751,g,0.00325524791776,0.000875415540573,0.00237983237718
PSA3p0,3,0.0298503824512,g,0.00323749527411,0.000874680020784,0.00236281525332
PSA3p0,3,0.030266480594,g,0.00321982600181,0.000873927006459,0.00234589899535
PSA3p0,3,0.0306883789192,g,0.00320223796356,0.000873155933654,0.00232908202991
PSA3p0,3,0.0311161582782,g,0.00318472898155,0.000872366223476,0.00231236275807
PSA3p0,3,0.0315499006496,g,0.00316729683846,0.000871557282033,0.00229573955643
PSA3p0,3,0.0319896891543,g,0.00314993927855,0.000870728500408,0.00227921077814
PSA3p0,3,0.0324356080724,g,0.00313265400873,0.000869879254648,0.00226277475408
PSA3p0,3,0.0328877428583,g,0.00311543869972,0.000869008905783,0.00224642979394
PSA3p0,3,0.0333461801579,g,0.00309829098727,0.000868116799864,0.0022301741874
PSA3p0,3,0.0338110078248,g,0.00308120847335,0.000867202268019,0.00221400620533
PSA3p0,3,0.0342823149373,g,0.00306418872749,0.000866264626545,0.00219792410094
PSA3p0,3,0.0347601918154,g,0.00304722928811,0.000865303177015,0.00218192611109
PSA3p0,3,0.035244730038,g,0.00303032766389,0.000864317206418,0.00216601045747
PSA3p0,3,0.0357360224607,g,0.00301348133524,0.000863305987325,0.00215017534792
PSA3p0,3,0.0362341632332,g,0.00299668775579,0.000862268778081,0.00213441897771
PSA3p0,3,0.036739247818,g,0.00297994435393,0.000861204823027,0.0021187395309
PSA3p0,3,0.037251373008,g,0.00296324853443,0.000860113352753,0.00210313518168
PSA3p0,3,0.0377706369454,g,0.00294659768013,0.000858993584383,0.00208760409575
PSA3p0,3,0.0382971391405,g,0.00292998915359,0.000857844721887,0.0020721444317
PSA3p0,3,0.0388309804906,g,0.00291342029893,0.000856665956429,0.0020567543425
PSA3p0,3,0.0393722632996,g,0.00289688844365,0.000855456466747,0.0020414319769
PSA3p0,3,0.0399210912975,g,0.0028803909005,0.000854215419564,0.00202617548094
PSA3p0,3,0.04047756966,g,0.00286392496947,0.000852941970038,0.00201098299943
PSA3p0,3,0.041041805029,g,0.00284748793976,0.000851635262243,0.00199585267751
PSA3p0,3,0.0416139055332,g,0.00283107709188,0.000850294429685,0.0019807826622
PSA3p0,3,0.0421939808081,g,0.00281468969978,0.000848918595858,0.00196577110392
PSA3p0,3,0.0427821420177,g,0.002798323033,0.000847506874829,0.00195081615817
PSA3p0,3,0.0433785018756,g,0.00278197435895,0.000846058371864,0.00193591598709
PSA3p0,3,0.0439831746665,g,0.00276564094522,0.000844572184094,0.00192106876113
PSA3p0,3,0.0445962762682,g,0.00274932006189,0.000843047401208,0.00190627266069
PSA3p0,3,0.0452179241737,g,0.002733008984,0.000841483106191,0.00189152587781
PSA3p0,3,0.0458482375139,g,0.00271670499399,0.000839878376097,0.00187682661789
PSA3p0,3,0.0464873370802,g,0.00270040538422,0.000838232282858,0.00186217310136
PSA3p0,3,0.0471353453479,g,0.00268410745956,0.000836543894132,0.00184756356543
PSA3p0,3,0.0477923864994,g,0.00266780854004,0.000834812274182,0.00183299626586
PSA3p0,3,0.0484585864482,g,0.00265150596346,0.000833036484799,0.00181846947866
PSA3p0,3,0.049134072863,g,0.00263519708818,0.000831215586256,0.00180398150193
PSA3p0,3,0.0498189751921,g,0.00261887929586,0.000829348638299,0.00178953065756
PSA3p0,3,0.0505134246882,g,0.00260254999424,0.000827434701175,0.00177511529307
PSA3p0,3,0.0512175544336,g,0.00258620662007,0.000825472836688,0.00176073378338
PSA3p0,3,0.0519314993659,g,0.0025698466419,0.000823462109295,0.00174638453261
PSA3p0,3,0.0526553963033,g,0.00255346756309,0.000821401587235,0.00173206597585
PSA3p0,3,0.0533893839715,g,0.00253706692469,0.000819290343685,0.001717776581
PSA3p0,3,0.0541336030297,g,0.00252064230848,0.000817127457947,0.00170351485053
PSA3p0,3,0.0548881960979,g,0.00250419133993,0.000814912016674,0.00168927932325
PSA3p0,3,0.0556533077843,g,0.00248771169124,0.000812643115109,0.00167506857613
PSA3p0,3,0.0564290847126,g,0.00247120108441,0.000810319858366,0.00166088122604
PSA3p0,3,0.0572156755506,g,0.00245465729424,0.000807941362725,0.00164671593151
PSA3p0,3,0.0580132310383,g,0.00243807815143,0.00080550675696,0.00163257139447
PSA3p0,3,0.058821904017,g,0.00242146154562,0.000803015183684,0.00161844636194
PSA3p0,3,0.0596418494584,g,0.0024048054285,0.000800465800716,0.00160433962779
PSA3p0,3,0.0604732244946,g,0.00238810781682,0.000797857782465,0.00159025003435
PSA3p0,3,0.061316188448,g,0.00237136679544,0.000795190321338,0.0015761764741
PSA3p0,3,0.0621709028616,g,0.00235458052039,0.000792462629154,0.00156211789124
PSA3p0,3,0.0630375315307,g,0.00233774722188,0.000789673938573,0.00154807328331
PSA3p0,3,0.0639162405334,g,0.00232086520724,0.000786823504543,0.0015340417027
PSA3p0,3,0.0648071982631,g,0.00230393286392,0.000783910605741,0.00152002225818
PSA3p0,3,0.0657105754604,g,0.00228694866239,0.000780934546036,0.00150601411636
PSA3p0,3,0.0666265452458,g,0.00226991115899,0.000777894655942,0.00149201650305
PSA3p0,3,0.0675552831533,g,0.00225281899878,0.000774790294078,0.0014780287047
PSA3p0,3,0.0684969671636,g,0.00223567091827,0.000771620848626,0.00146405006964
PSA3p0,3,0.0694517777382,g,0.00221846574817,0.000768385738785,0.00145008000939
PSA3p0,3,0.0704198978545,g,0.00220120241601,0.000765084416214,0.00143611799979
PSA3p0,3,0.0714015130401,g,0.00218387994866,0.000761716366467,0.00142216358219
PSA3p0,3,0.0723968114091,g,0.0021664974749,0.000758281110417,0.00140821636449
PSA3p0,3,0.0734059836976,g,0.00214905422776,0.000754778205662,0.0013942760221
PSA3p0,3,0.0744292233004,g,0.00213154954684,0.000751207247913,0.00138034229892
PSA3p0,3,0.0754667263084,g,0.00211398288053,0.000747567872359,0.00136641500817
PSA3p0,3,0.0765186915457,g,0.00209635378812,0.000743859755008,0.00135249403312
PSA3p0,3,0.0775853206079,g,0.00207866194183,0.000740082614001,0.00133857932783
PSA3p0,3,0.0786668179007,g,0.00206090712862,0.000736236210894,0.00132467091773
PSA3p0,3,0.0797633906793,g,0.00204308925204,0.000732320351904,0.00131076890014
PSA3p0,3,0.0808752490877,g,0.00202520833383,0.000728334889127,0.0012968734447
PSA3p0,3,0.0820026061993,g,0.00200726451542,0.000724279721703,0.00128298479372
PSA3p0,3,0.0831456780577,g,0.00198925805935,0.000720154796946,0.00126910326241
PSA3p0,3,0.0843046837179,g,0.00197118935046,0.00071596011143,0.00125522923903
PSA3p0,3,0.0854798452884,g,0.001953058897,0.000711695712016,0.00124136318498
PSA3p0,3,0.0866713879739,g,0.00193486733153,0.000707361696843,0.00122750563469
PSA3p0,3,0.0878795401182,g,0.00191661541178,0.000702958216246,0.00121365719554
PSA3p0,3,0.0891045332482,g,0.00189830402118,0.000698485473631,0.00119981854755
PSA3p0,3,0.0903466021181,g,0.00187993416938,0.000693943726282,0.0011859904431
PSA3p0,3,0.0916059847544,g,0.0018615069925,0.000689333286109,0.00117217370639
PSA3p0,3,0.0928829225017,g,0.0018430237533,0.000684654520329,0.00115836923297
PSA3p0,3,0.0941776600687,g,0.00182448584107,0.000679907852077,0.00114457798899
PSA3p0,3,0.0954904455752,g,0.00180589477144,0.000675093760952,0.00113080101049
PSA3p0,3,0.0968215305997,g,0.00178725218596,0.000670212783484,0.00111703940247
PSA3p0,3,0.0981711702275,g,0.00176855985151,0.000665265513532,0.00110329433797
PSA3p0,3,0.0995396230998,g,0.00174981965952,0.000660252602604,0.00108956705691
PSA3p0,3,0.100927151463,g,0.00173103362503,0.000655174760093,0.00107585886493
PSA3p0,3,0.102334021219,g,0.00171220388553,0.000650032753439,0.00106217113209
PSA3p0,3,0.103760501977,g,0.00169333269966,0.000644827408209,0.00104850529146
PSA3p0,3,0.105206867102,g,0.00167442244567,0.000639559608087,0.00103486283758
PSA3p0,3,0.106673393773,g,0.00165547561971,0.00063423029479,0.00102124532492
PSA3p0,3,0.108160363031,g,0.00163649483399,0.000628840467884,0.0010076543661
PSA3p0,3,0.109668059834,g,0.00161748281466,0.000623391184528,0.000994091630128
PSA3p0,3,0.111196773112,g,0.00159844239959,0.000617883559118,0.000980558840471
PSA3p0,3,0.112746795824,g,0.00157937653593,0.000612318762853,0.000967057773076
PSA3p0,3,0.114318425013,g,0.00156028827748,0.000606698023202,0.000953590254275
PSA3p0,3,0.11591196186,g,0.00154118078191,0.000601022623295,0.00094015815861
PSA3p0,3,0.117527711746,g,0.00152205730779,0.000595293901209,0.000926763406576
PSA3p0,3,0.11916598431,g,0.00150292121146,0.000589513249182,0.000913407962276
PSA3p0,3,0.120827093504,g,0.00148377594372,0.000583682112724,0.000900093831
PSA3p0,3,0.12251135766,g,0.00146462504639,0.000577801989652,0.000886823056738
PSA3p0,3,0.124219099545,g,0.00144547214863,0.000571874429029,0.000873597719601
PSA3p0,3,0.125950646426,g,0.00142632096322,0.000565901030021,0.000860419933201
PSA3p0,3,0.127706330131,g,0.00140717528262,0.00055988344067,0.00084729184195
PSA3p0,3,0.129486487115,g,0.00138803897488,0.000553823356579,0.000834215618305
PSA3p0,3,0.131291458521,g,0.00136891597949,0.00054772251952,0.000821193459966
PSA3p0,3,0.13312159025,g,0.00134981030297,0.000541582715957,0.000808227587013
PSA3p0,3,0.134977233023,g,0.0013307260145,0.000535405775493,0.000795320239011
PSA3p0,3,0.13685874245,g,0.00131166724131,0.00052919356924,0.00078247367207
PSA3p0,3,0.138766479098,g,0.00129263816399,0.000522948008118,0.000769690155868
PSA3p0,3,0.14070080856,g,0.00127364301172,0.000516671041072,0.000756971970648
PSA3p0,3,0.142662101526,g,0.00125468605743,0.000510364653237,0.000744321404196
PSA3p0,3,0.144650733852,g,0.00123577161281,0.000504030864019,0.000731740748791
PSA3p0,3,0.146667086634,g,0.00121690402328,0.000497671725127,0.000719232298148
PSA3p0,3,0.148711546281,g,0.00119808766289,0.000491289318537,0.000706798344354
PSA3p0,3,0.150784504586,g,0.0011793269292,0.000484885754402,0.000694441174799
PSA3p0,3,0.152886358806,g,0.00116062623802,0.000478463168909,0.000682163069109
PSA3p0,3,0.155017511734,g,0.00114199001818,0.000472023722085,0.000669966296096
PSA3p0,3,0.157178371777,g,0.00112342270627,0.00046556959556,0.000657853110714
PSA3p0,3,0.159369353038,g,0.00110492874132,0.000459102990286,0.000645825751038
PSA3p0,3,0.16159087539,g,0.00108651255949,0.000452626124218,0.000633886435267
PSA3p0,3,0.163843364558,g,0.00106817858873,0.000446141229962,0.000622037358765
PSA3p0,3,0.166127252203,g,0.00104993124352,0.000439650552391,0.000610280691128
PSA3p0,3,0.168442976004,g,0.00103177491954,0.000433156346239,0.000598618573298
PSA3p0,3,0.170790979739,g,0.0010137139884,0.000426660873672,0.000587053114725
PSA3p0,3,0.173171713372,g,0.00099575279242,0.000420166401842,0.000575586390578
PSA3p0,3,0.175585633141,g,0.000977895639442,0.000413675200427,0.000564220439015
PSA3p0,3,0.178033201643,g,0.00096014679768,0.000407189539169,0.000552957258511
PSA3p0,3,0.180514887922,g,0.000942510490661,0.000400711685399,0.000541798805262
PSA3p0,3,0.183031167562,g,0.000924990892217,0.000394243901572,0.000530746990644
PSA3p0,3,0.185582522776,g,0.000907592121569,0.000387788442805,0.000519803678764
PSA3p0,3,0.188169442497,g,0.000890318238499,0.000381347554419,0.00050897068408
PSA3p0,3,0.190792422477,g,0.000873173238617,0.000374923469505,0.000498249769112
PSA3p0,3,0.193451965374,g,0.000856161048738,0.000368518406505,0.000487642642232
PSA3p0,3,0.196148580858,g,0.000839285522368,0.000362134566813,0.000477150955555
PSA3p0,3,0.198882785699,g,0.000822550435321,0.000355774132407,0.000466776302914
PSA3p0,3,0.201655103872,g,0.000805959481463,0.000349439263514,0.000456520217949
PSA3p0,3,0.204466066658,g,0.000789516268587,0.000343132096312,0.000446384172275
PSA3p0,3,0.20731621274,g,0.000773224314441,0.000336854740666,0.000436369573775
PSA3p0,3,0.210206088313,g,0.000757087042902,0.000330609277916,0.000426477764986
PSA3p0,3,0.213136247184,g,0.000741107780303,0.000324397758708,0.000416710021595
PSA3p0,3,0.216107250881,g,0.000725289751937,0.000318222200883,0.000407067551055
PSA3p0,3,0.219119668758,g,0.000709636078712,0.000312084587412,0.0003975514913
PSA3p0,3,0.222174078106,g,0.000694149773987,0.000305986864405,0.000388162909583
PSA3p0,3,0.225271064265,g,0.00067883374059,0.000299930939165,0.000378902801425
PSA3p0,3,0.22841122073,g,0.000663690768011,0.000293918678326,0.000369772089685
PSA3p0,3,0.231595149274,g,0.000648723529783,0.000287951906046,0.000360771623737
PSA3p0,3,0.234823460055,g,0.000633934581055,0.000282032402279,0.000351902178776
PSA3p0,3,0.238096771738,g,0.000619326356357,0.000276161901121,0.000343164455236
PSA3p0,3,0.24141571161,g,0.000604901167555,0.000270342089234,0.000334559078321
PSA3p0,3,0.244780915704,g,0.000590661202009,0.000264574604345,0.000326086597663
PSA3p0,3,0.248193028919,g,0.000576608520925,0.000258861033836,0.000317747487089
PSA3p0,3,0.251652705141,g,0.000562745057912,0.000253202913405,0.000309542144507
PSA3p0,3,0.255160607373,g,0.000549072617736,0.00024760172583,0.000301470891907
PSA3p0,3,0.25871740786,g,0.000535592875274,0.0002420588998,0.000293533975473
PSA3p0,3,0.262323788216,g,0.00052230737467,0.000236575808856,0.000285731565814
PSA3p0,3,0.265980439559,g,0.000509217528695,0.000231153770403,0.000278063758293
PSA3p0,3,0.269688062639,g,0.000496324618303,0.000225794044826,0.000270530573478
PSA3p0,3,0.273447367974,g,0.00048362979238,0.000220497834691,0.000263131957689
PSA3p0,3,0.277259075986,g,0.000471134067698,0.000215266284044,0.000255867783654
PSA3p0,3,0.281123917141,g,0.000458838329061,0.000210100477793,0.000248737851268
PSA3p0,3,0.285042632085,g,0.000446743329635,0.000205001441193,0.000241741888443
PSA3p0,3,0.289015971791,g,0.000434849691478,0.000199970139419,0.000234879552059
PSA3p0,3,0.293044697697,g,0.000423157906243,0.000195007477232,0.000228150429011
PSA3p0,3,0.297129581858,g,0.000411668336069,0.000190114298735,0.000221554037334
PSA3p0,3,0.301271407088,g,0.000400381214653,0.000185291387225,0.000215089827428
PSA3p0,3,0.305470967116,g,0.000389296648484,0.000180539465131,0.000208757183352
PSA3p0,3,0.309729066733,g,0.000378414618253,0.000175859194044,0.000202555424209
PSA3p0,3,0.31404652195,g,0.000367734980427,0.000171251174833,0.000196483805594
PSA3p0,3,0.31842416015,g,0.000357257468973,0.000166715947853,0.000190541521121
PSA3p0,3,0.322862820254,g,0.000346981697246,0.000162253993229,0.000184727704017
PSA3p0,3,0.327363352872,g,0.000336907160011,0.000157865731236,0.000179041428775
PSA3p0,3,0.331926620473,g,0.000327033235613,0.000153551522746,0.000173481712868
PSA3p0,3,0.336553497551,g,0.000317359188284,0.000149311669768,0.000168047518516
PSA3p0,3,0.341244870785,g,0.000307884170571,0.000145146416059,0.000162737754512
PSA3p0,3,0.346001639219,g,0.000298607225887,0.000141055947806,0.000157551278081
PSA3p0,3,0.350824714424,g,0.000289527291181,0.000137040394392,0.000152486896788
PSA3p0,3,0.355715020682,g,0.00028064319971,0.000133099829221,0.000147543370489
PSA3p0,3,0.360673495157,g,0.000271953683919,0.000129234270614,0.000142719413305
PSA3p0,3,0.365701088078,g,0.000263457378409,0.000125443682774,0.000138013695635
PSA3p0,3,0.370798762917,g,0.000255152822991,0.000121727976806,0.000133424846185
PSA3p0,3,0.375967496579,g,0.000247038465824,0.000118087011797,0.000128951454026
PSA3p0,3,0.381208279584,g,0.000239112666625,0.000114520595958,0.000124592070667
PSA3p0,3,0.386522116263,g,0.000231373699943,0.000111028487809,0.000120345212134
PSA3p0,3,0.391910024943,g,0.000223819758489,0.000107610397419,0.00011620936107
PSA3p0,3,0.397373038149,g,0.000216448956516,0.000104265987693,0.000112182968823
PSA3p0,3,0.402912202795,g,0.000209259333252,0.000100994875699,0.000108264457553
PSA3p0,3,0.408528580393,g,0.000202248856357,9.77966340322e-05,0.000104452222325
PSA3p0,3,0.414223247248,g,0.00019541542542,9.46707922244e-05,0.000100744633196
PSA3p0,3,0.419997294672,g,0.000188756875467,9.16168381767e-05,9.71400372902e-05
PSA3p0,3,0.425851829184,g,0.000182270980499,8.86342196272e-05,9.36367608722e-05
PSA3p0,3,0.431787972733,g,0.000175955457031,8.57223456435e-05,9.02331113874e-05
PSA3p0,3,0.437806862904,g,0.00016980796763,8.28805881386e-05,8.69273794914e-05
PSA3p0,3,0.443909653139,g,0.000163826124458,8.01082834056e-05,8.37178410525e-05
PSA3p0,3,0.450097512961,g,0.000158007492798,7.74047336702e-05,8.06027591282e-05
PSA3p0,3,0.456371628192,g,0.000152349594567,7.47692086555e-05,7.75803859117e-05
PSA3p0,3,0.462733201188,g,0.000146849911806,7.22009471575e-05,7.46489646489e-05
PSA3p0,3,0.469183451061,g,0.000141505890145,6.96991586267e-05,7.18067315178e-05
PSA3p0,3,0.475723613919,g,0.000136314942226,6.72630247548e-05,6.90519174709e-05
PSA3p0,3,0.4823549431,g,0.0001312744511,6.48917010613e-05,6.63827500382e-05
PSA3p0,3,0.489078709414,g,0.000126381773571,6.25843184788e-05,6.37974550918e-05
PSA3p0,3,0.495896201384,g,0.000121634243496,6.03399849332e-05,6.12942585625e-05
PSA3p0,3,0.502808725494,g,0.000117029175025,5.8157786916e-05,5.88713881095e-05
PSA3p0,3,0.509817606442,g,0.000112563865796,5.60367910468e-05,5.65270747491e-05
PSA3p0,3,0.516924187389,g,0.000108235600054,5.3976045623e-05,5.42595544313e-05
PSA3p0,3,0.524129830221,g,0.000104041651721,5.19745821535e-05,5.20670695674e-05
PSA3p0,3,0.531435915805,g,9.9979287376e-05,5.00314168758e-05,4.99478705002e-05
PSA3p0,3,0.538843844261,g,9.60457691819e-05,4.81455522519e-05,4.790021693e-05
PSA3p0,3,0.546355035221,g,9.22383577267e-05,4.63159784426e-05,4.59223792841e-05
PSA3p0,3,0.553970928111,g,8.85543147885e-05,4.45416747581e-05,4.40126400304e-05
PSA3p0,3,0.561692982416,g,8.49909060182e-05,4.28216110813e-05,4.21692949369e-05
PSA3p0,3,0.569522677971,g,8.15454035378e-05,4.1154749264e-05,4.03906542739e-05
PSA3p0,3,0.577461515236,g,7.82150884583e-05,3.95400444928e-05,3.86750439655e-05
PSA3p0,3,0.585511015587,g,7.49972533065e-05,3.79764466242e-05,3.70208066823e-05
PSA3p0,3,0.593672721607,g,7.18892043607e-05,3.64629014863e-05,3.54263028744e-05
PSA3p0,3,0.601948197383,g,6.88882638976e-05,3.49983521465e-05,3.38899117511e-05
PSA3p0,3,0.610339028803,g,6.59917723505e-05,3.35817401442e-05,3.24100322063e-05
PSA3p0,3,0.618846823862,g,6.31970903701e-05,3.2212006686e-05,3.09850836841e-05
PSA3p0,3,0.627473212971,g,6.05016007951e-05,3.08880938037e-05,2.96135069915e-05
PSA3p0,3,0.636219849266,g,5.79027105278e-05,2.96089454741e-05,2.82937650537e-05
PSA3p0,3,0.645088408927,g,5.53978523158e-05,2.83735086993e-05,2.70243436165e-05
PSA3p0,3,0.6540805915,g,5.29844864418e-05,2.71807345463e-05,2.58037518955e-05
PSA3p0,3,0.663198120221,g,5.06601023154e-05,2.6029579147e-05,2.46305231684e-05
PSA3p0,3,0.672442742348,g,4.84222199758e-05,2.49190046567e-05,2.3503215319e-05
PSA3p0,3,0.681816229494,g,4.62683914968e-05,2.3847980171e-05,2.24204113257e-05
PSA3p0,3,0.691320377968,g,4.41962023053e-05,2.28154826014e-05,2.13807197039e-05
PSA3p0,3,0.700957009117,g,4.22032724048e-05,2.18204975085e-05,2.03827748963e-05
PSA3p0,3,0.710727969677,g,4.02872575062e-05,2.08620198944e-05,1.94252376118e-05
PSA3p0,3,0.720635132129,g,3.84458500753e-05,1.99390549521e-05,1.85067951232e-05
PSA3p0,3,0.730680395053,g,3.66767802904e-05,1.90506187737e-05,1.76261615167e-05
PSA3p0,3,0.740865683494,g,3.49778169121e-05,1.81957390172e-05,1.67820778949e-05
PSA3p0,3,0.751192949332,g,3.33467680692e-05,1.73734555316e-05,1.59733125376e-05
PSA3p0,3,0.761664171655,g,3.17814819649e-05,1.65828209418e-05,1.51986610231e-05
PSA3p0,3,0.772281357139,g,3.02798474963e-05,1.58229011926e-05,1.44569463037e-05
PSA3p0,3,0.78304654043,g,2.88397947976e-05,1.50927760531e-05,1.37470187444e-05
PSA3p0,3,0.793961784538,g,2.7459295711e-05,1.43915395818e-05,1.30677561293e-05
PSA3p0,3,0.80502918123,g,2.61363641759e-05,1.37183005527e-05,1.24180636232e-05
PSA3p0,3,0.816250851429,g,2.48690565482e-05,1.30721828445e-05,1.17968737037e-05
PSA3p0,3,0.827628945625,g,2.36554718507e-05,1.24523257913e-05,1.12031460594e-05
PSA3p0,3,0.839165644283,g,2.2493751952e-05,1.18578844978e-05,1.06358674542e-05
PSA3p0,3,0.850863158264,g,2.13820816831e-05,1.12880301193e-05,1.00940515638e-05
PSA3p0,3,0.862723729246,g,2.03186888913e-05,1.07419501063e-05,9.57673878493e-06
PSA3p0,3,0.874749630155,g,1.93018444302e-05,1.02188484162e-05,9.08299601402e-06
PSA3p0,3,0.886943165601,g,1.83298620934e-05,9.71794569198e-06,8.61191640144e-06
PSA3p0,3,0.899306672319,g,1.74010984932e-05,9.23847940988e-06,8.16261908329e-06
PSA3p0,3,0.911842519615,g,1.65139528845e-05,8.77970399572e-06,7.73424888875e-06
PSA3p0,3,0.924553109823,g,1.56668669389e-05,8.34089091233e-06,7.32597602658e-06
PSA3p0,3,0.937440878766,g,1.48583244728e-05,7.92132871843e-06,6.9369957544e-06
PSA3p0,3,0.950508296219,g,1.40868511264e-05,7.5203231003e-06,6.56652802612e-06
PSA3p0,3,0.963757866384,g,1.33510140027e-05,7.13719687685e-06,6.21381712581e-06
PSA3p0,3,0.977192128372,g,1.2649421263e-05,6.77128998004e-06,5.87813128297e-06
PSA3p0,3,0.990813656686,g,1.19807216866e-05,6.42195941157e-06,5.55876227505e-06
PSA3p0,3,1.00462506172,g,1.13436041955e-05,6.08857917634e-06,5.25502501917e-06
PSA3p0,3,1.01862899024,g,1.07367973445e-05,5.77054019451e-06,4.96625715e-06
PSA3p0,3,1.03282812594,g,1.01590687806e-05,5.46725019288e-06,4.69181858774e-06
PSA3p0,3,1.04722518989,g,9.60922467461e-06,5.178133577e-06,4.43109109761e-06
PSA3p0,3,1.0618229411,g,9.08610912366e-06,4.9026312849e-06,4.18347783876e-06
PSA3p0,3,1.07662417705,g,8.58860353547e-06,4.64020062372e-06,3.94840291176e-06
PSA3p0,3,1.09163173419,g,8.11562598611e-06,4.39031509018e-06,3.72531089593e-06
PSA3p0,3,1.10684848855,g,7.66613055946e-06,4.15246417611e-06,3.51366638335e-06
PSA3p0,3,1.12227735621,g,7.23910666886e-06,3.92615315997e-06,3.31295350889e-06
PSA3p0,3,1.13792129392,g,6.83357836593e-06,3.71090288546e-06,3.12267548047e-06
PSA3p0,3,1.15378329963,g,6.44860363179e-06,3.50624952825e-06,2.94235410354e-06
PSA3p0,3,1.1698664131,g,6.08327365599e-06,3.31174435181e-06,2.77152930417e-06
PSA3p0,3,1.18617371645,g,5.73671211087e-06,3.12695345332e-06,2.60975865754e-06
PSA3p0,3,1.20270833477,g,5.4080744143e-06,2.95145750058e-06,2.45661691372e-06
PSA3p0,3,1.2194734367,g,5.09654698465e-06,2.78485146094e-06,2.31169552371e-06
PSA3p0,3,1.23647223505,g,4.80134649248e-06,2.62674432245e-06,2.17460217003e-06
PSA3p0,3,1.25370798744,g,4.52171910808e-06,2.47675880984e-06,2.04496029823e-06
PSA3p0,3,1.27118399687,g,4.25693975016e-06,2.33453109418e-06,1.92240865599e-06
PSA3p0,3,1.28890361239,g,4.00631133007e-06,2.19971049803e-06,1.80660083204e-06
PSA3p0,3,1.30687022974,g,3.76916399727e-06,2.07195919681e-06,1.69720480046e-06
PSA3p0,3,1.325087292,g,3.54485438854e-06,1.95095191685e-06,1.59390247169e-06
PSA3p0,3,1.34355829022,g,3.33276488135e-06,1.83637563113e-06,1.49638925022e-06
PSA3p0,3,1.36228676414,g,3.13230284737e-06,1.72792925316e-06,1.40437359421e-06
PSA3p0,3,1.38127630283,g,2.94289991627e-06,1.62532332978e-06,1.31757658648e-06
PSA3p0,3,1.40053054539,g,2.76401124298e-06,1.52827973346e-06,1.23573150952e-06
PSA3p0,3,1.42005318165,g,2.59511478191e-06,1.43653135461e-06,1.1585834273e-06
PSA3p0,3,1.43984795288,g,2.43571057258e-06,1.3498217946e-06,1.08588877798e-06
PSA3p0,3,1.45991865247,g,2.2853200302e-06,1.26790505988e-06,1.01741497032e-06
PSA3p0,3,1.48026912674,g,2.14348524864e-06,1.19054525799e-06,9.52939990654e-07
PSA3p0,3,1.50090327558,g,2.00976831151e-06,1.11751629476e-06,8.92252016745e-07
PSA3p0,3,1.52182505326,g,1.88375061863e-06,1.04860157544e-06,8.35149043191e-07
PSA3p0,3,1.54303846918,g,1.7650322187e-06,9.83593707997e-07,7.81438510704e-07
PSA3p0,3,1.56454758862,g,1.65323115566e-06,9.22294209244e-07,7.30936946413e-07
PSA3p0,3,1.58635653351,g,1.54798282987e-06,8.64513215533e-07,6.83469614337e-07
PSA3p0,3,1.60846948327,g,1.44893937067e-06,8.10069197131e-07,6.38870173537e-07
PSA3p0,3,1.63089067555,g,1.35576902065e-06,7.58788676668e-07,5.96980343986e-07
PSA3p0,3,1.65362440709,g,1.26815553603e-06,7.10505952227e-07,5.57649583799e-07
PSA3p0,3,1.67667503453,g,1.18579759868e-06,6.65062825202e-07,5.20734773475e-07
PSA3p0,3,1.70004697521,g,1.10840824302e-06,6.22308333339e-07,4.8609990968e-07
PSA3p0,3,1.72374470806,g,1.03571429611e-06,5.82098488359e-07,4.53615807755e-07
PSA3p0,3,1.74777277446,g,9.67455834638e-07,5.44296019355e-07,4.23159815284e-07
PSA3p0,3,1.77213577908,g,9.03385653643e-07,5.08770122067e-07,3.94615531576e-07
PSA3p0,3,1.79683839077,g,8.43268750151e-07,4.75396213171e-07,3.67872536981e-07
PSA3p0,3,1.82188534347,g,7.86881822422e-07,4.44055690506e-07,3.42826131915e-07
PSA3p0,3,1.8472814371,g,7.34012781969e-07,4.1463569914e-07,3.19377082829e-07
PSA3p0,3,1.87303153851,g,6.84460281123e-07,3.87028903314e-07,2.97431377809e-07
PSA3p0,3,1.89914058236,g,6.38033255403e-07,3.61133264345e-07,2.76899991058e-07
PSA3p0,3,1.92561357213,g,5.9455047833e-07,3.3685182451e-07,2.5769865382e-07
PSA3p0,3,1.95245558102,g,5.53840133091e-07,3.14092497077e-07,2.39747636014e-07
PSA3p0,3,1.97967175295,g,5.15739393824e-07,2.92767862126e-07,2.22971531698e-07
PSA3p0,3,2.00726730356,g,4.80094025532e-07,2.72794968022e-07,2.0729905751e-07
PSA3p0,3,2.03524752118,g,4.467579946e-07,2.5409513978e-07,1.9266285482e-07
PSA3p0,3,2.06361776786,g,4.15593094108e-07,2.36593793063e-07,1.78999301045e-07
PSA3p0,3,2.0923834804,g,3.86468583204e-07,2.20220253807e-07,1.66248329397e-07
PSA3p0,3,2.12155017136,g,3.59260835643e-07,2.04907583889e-07,1.54353251754e-07
PSA3p0,3,2.15112343018,g,3.33853005749e-07,1.90592412605e-07,1.43260593145e-07
PSA3p0,3,2.18110892419,g,3.10134704067e-07,1.77214773884e-07,1.32919930183e-07
PSA3p0,3,2.21151239973,g,2.88001686618e-07,1.64717949169e-07,1.2328373745e-07
PSA3p0,3,2.24233968322,g,2.67355556286e-07,1.53048315871e-07,1.14307240415e-07
PSA3p0,3,2.27359668233,g,2.48103473527e-07,1.42155201336e-07,1.05948272191e-07
PSA3p0,3,2.30528938705,g,2.30157883193e-07,1.31990742359e-07,9.81671408342e-08
PSA3p0,3,2.33742387089,g,2.13436246531e-07,1.22509749071e-07,9.09264974608e-08
PSA3p0,3,2.37000629201,g,1.97860789562e-07,1.13669575542e-07,8.41912140196e-08
PSA3p0,3,2.40304289441,g,1.83358258598e-07,1.05429994388e-07,7.79282642104e-08
PSA3p0,3,2.43654000913,g,1.69859688241e-07,9.77530765977e-08,7.21066116438e-08
PSA3p0,3,2.47050405546,g,1.57300178043e-07,9.06030760454e-08,6.66971019974e-08
PSA3p0,3,2.50494154217,g,1.45618678266e-07,8.39463188575e-08,6.16723594083e-08
PSA3p0,3,2.53985906878,g,1.34757786657e-07,7.77510975513e-08,5.70066891059e-08
PSA3p0,3,2.57526332677,g,1.24663553863e-07,7.19875693794e-08,5.2675984484e-08
PSA3p0,3,2.61116110092,g,1.15285297365e-07,6.6627659083e-08,4.86576382824e-08
PSA3p0,3,2.64755927057,g,1.06575424221e-07,6.16449660614e-08,4.49304581599e-08
PSA3p0,3,2.68446481096,g,9.84892608728e-08,5.70146750087e-08,4.14745858641e-08
PSA3p0,3,2.72188479458,g,9.09848919896e-08,5.27134711277e-08,3.82714208619e-08
PSA3p0,3,2.75982639247,g,8.4023008736e-08,4.87194592396e-08,3.53035494964e-08
PSA3p0,3,2.79829687566,g,7.75667598995e-08,4.50120862942e-08,3.25546736053e-08
PSA3p0,3,2.83730361652,g,7.15816143398e-08,4.15720674136e-08,3.00095469262e-08
PSA3p0,3,2.87685409019,g,6.60352276473e-08,3.83813155079e-08,2.76539121394e-08
PSA3p0,3,2.91695587602,g,6.08973177339e-08,3.54228744522e-08,2.54744432817e-08
PSA3p0,3,2.95761665899,g,5.6139544401e-08,3.26808552041e-08,2.34586891969e-08
PSA3p0,3,2.99884423123,g,5.17353952809e-08,3.01403751234e-08,2.15950201576e-08
PSA3p0,3,3.04064649347,g,4.76600800541e-08,2.7787500383e-08,1.98725796712e-08
PSA3p0,3,3.08303145657,g,4.38904274695e-08,2.56091908435e-08,1.82812366261e-08
PSA3p0,3,3.12600724307,g,4.04047891866e-08,2.35932483534e-08,1.68115408331e-08
PSA3p0,3,3.16958208873,g,3.71829461144e-08,2.17282668007e-08,1.54546793136e-08
PSA3p0,3,3.2137643441,g,3.42060244336e-08,2.00035857963e-08,1.42024386374e-08
PSA3p0,3,3.25856247615,g,3.14564128304e-08,1.84092461257e-08,1.30471667046e-08
PSA3p0,3,3.30398506987,g,2.89176847095e-08,1.69359473537e-08,1.19817373558e-08
PSA3p0,3,3.35004082991,g,2.65745239441e-08,1.55750081451e-08,1.0999515799e-08
PSA3p0,3,3.39673858227,g,2.44126573756e-08,1.43183285529e-08,1.00943288227e-08
PSA3p0,3,3.44408727597,g,2.24187876882e-08,1.31583543147e-08,9.26043337348e-09
PSA3p0,3,3.49209598479,g,2.05805337622e-08,1.20880430593e-08,8.49249070284e-09
PSA3p0,3,3.54077390897,g,1.88863707175e-08,1.11008322684e-08,7.78553844911e-09
PSA3p0,3,3.59013037701,g,1.7325575636e-08,1.01906095323e-08,7.13496610376e-09
PSA3p0,3,3.64017484745,g,1.58881761489e-08,9.35168364138e-09,6.53649250752e-09
PSA3p0,3,3.69091691066,g,1.45649011843e-08,8.57875818218e-09,5.98614300213e-09
PSA3p0,3,3.74236629072,g,1.33471362002e-08,7.86690611327e-09,5.48023008689e-09
PSA3p0,3,3.79453284724,g,1.22268786374e-08,7.21154605429e-09,5.0153325831e-09
PSA3p0,3,3.84742657726,g,1.11966977227e-08,6.6084195179e-09,4.58827820484e-09
PSA3p0,3,3.90105761719,g,1.02496978607e-08,6.0535701268e-09,4.19612773392e-09
PSA3p0,3,3.95543624473,g,9.37948119368e-09,5.54332386359e-09,3.83615733009e-09
PSA3p0,3,4.01057288086,g,8.58011444928e-09,5.07426969708e-09,3.50584475219e-09
PSA3p0,3,4.06647809178,g,7.84609846766e-09,4.64324270576e-09,3.2028557619e-09
PSA3p0,3,4.12316259103,g,7.17233777001e-09,4.24730749073e-09,2.92503027928e-09
PSA3p0,3,4.18063724146,g,6.55411149876e-09,3.88374229681e-09,2.67036920195e-09
PSA3p0,3,4.23891305734,g,5.98704999261e-09,3.55002489663e-09,2.43702509598e-09
PSA3p0,3,4.29800120649,g,5.46710937897e-09,3.24381881121e-09,2.22329056777e-09
PSA3p0,3,4.3579130124,g,4.99054874323e-09,2.96296055397e-09,2.02758818926e-09
PSA3p0,3,4.41865995639,g,4.5539083976e-09,2.70544769909e-09,1.84846069851e-09
PSA3p0,3,4.48025367983,g,4.15399102588e-09,2.46942748323e-09,1.68456354265e-09
PSA3p0,3,4.54270598637,g,3.78784226063e-09,2.25318648988e-09,1.53465577075e-09
PSA3p0,3,4.6060288442,g,3.45273296564e-09,2.05514073872e-09,1.39759222693e-09
PSA3p0,3,4.67023438833,g,3.14614392891e-09,1.87382672268e-09,1.27231720623e-09
PSA3p0,3,4.73533492292,g,2.86575104959e-09,1.70789248583e-09,1.15785856377e-09
PSA3p0,3,4.80134292365,g,2.60941047882e-09,1.55608981853e-09,1.05332066029e-09
PSA3p0,3,4.86827104012,g,2.37514424286e-09,1.41726679609e-09,9.57877446776e-10
PSA3p0,3,4.93613209824,g,2.16112912879e-09,1.29036078611e-09,8.70768342684e-10
PSA3p0,3,5.0049391027,g,1.96568661141e-09,1.17439194483e-09,7.91294666578e-10
PSA3p0,3,5.07470523949,g,1.78727047962e-09,1.06845699006e-09,7.18813489557e-10
PSA3p0,3,5.14544387839,g,1.62445714976e-09,9.71723719972e-10,6.52733429784e-10
PSA3p0,3,5.21716857555,g,1.47593593157e-09,8.83425500067e-10,5.92510431499e-10
PSA3p0,3,5.2898930761,g,1.34050187785e-09,8.02856805498e-10,5.37645072356e-10
PSA3p0,3,5.36363131674,g,1.21704690075e-09,7.29368171756e-10,4.87678728996e-10
PSA3p0,3,5.43839742846,g,1.10455308577e-09,6.62362274472e-10,4.42190811301e-10
PSA3p0,3,5.51420573924,g,1.00208443403e-09,6.01289891342e-10,4.00794542685e-10
PSA3p0,3,5.59107077676,g,9.08781982211e-10,5.45646226438e-10,3.63135755773e-10
PSA3p0,3,5.66900727121,g,8.2385667718e-10,4.94967557579e-10,3.28889119601e-10
PSA3p0,3,5.74803015813,g,7.46585309608e-10,4.48827986491e-10,2.97757323117e-10
PSA3p0,3,5.82815458123,g,6.76304117671e-10,4.06836686742e-10,2.69467430929e-10
PSA3p0,3,5.90939589534,g,6.12403286308e-10,3.68634862139e-10,2.43768424169e-10
PSA3p0,3,5.99176966931,g,5.54324565953e-10,3.33893270003e-10,2.2043129595e-10
PSA3p0,3,6.07529168902,g,5.01557174239e-10,3.02310112426e-10,1.99247061813e-10
PSA3p0,3,6.15997796038,g,4.53633810648e-10,2.73608874367e-10,1.80024936281e-10
PSA3p0,3,6.24584471244,g,4.10125898384e-10,2.47536305277e-10,1.62589593108e-10
PSA3p0,3,6.33290840046,g,3.70640722233e-10,2.23860639272e-10,1.4678008296e-10
PSA3p0,3,6.42118570906,g,3.3481848793e-10,2.02369207132e-10,1.32449280797e-10
PSA3p0,3,6.51069355548,g,3.02331575392e-10,1.82867774432e-10,1.1946380096e-10
PSA3p0,3,6.60144909273,g,2.7288148738e-10,1.65178627543e-10,1.07702859837e-10
PSA3p0,3,6.69346971296,g,2.46193624093e-10,1.49139217459e-10,9.70544066347e-11
PSA3p0,3,6.78677305072,g,2.2201772839e-10,1.34601080006e-10,8.7416648384e-11
PSA3p0,3,6.88137698642,g,2.00125756939e-10,1.21429110271e-10,7.8696646668e-11
PSA3p0,3,6.97729964967,g,1.80308322244e-10,1.09498914776e-10,7.08094074684e-11
PSA3p0,3,7.07455942282,g,1.62375828025e-10,9.8697327058e-11,6.36785009673e-11
PSA3p0,3,7.17317494447,g,1.46155925778e-10,8.89213271134e-11,5.72345986649e-11
PSA3p0,3,7.273165113,g,1.31489503066e-10,8.00766987675e-11,5.14128042986e-11
PSA3p0,3,7.37454909026,g,1.18232760263e-10,7.20776794646e-11,4.61550807987e-11
PSA3p0,3,7.47734630518,g,1.06254722734e-10,6.48462446167e-11,4.14084781169e-11
PSA3p0,3,7.58157645752,g,9.54368759911e-11,5.83111206221e-11,3.7125755369e-11
PSA3p0,3,7.68725952166,g,8.56701151031e-11,5.24073080382e-11,3.32628070649e-11
PSA3p0,3,7.7944157504,g,7.6856752647e-11,4.707604584e-11,2.9780706807e-11
PSA3p0,3,7.90306567886,g,6.89055284828e-11,4.2263356969e-11,2.66421715138e-11
PSA3p0,3,8.0132301284,g,6.17348363121e-11,3.79206452361e-11,2.3814191076e-11
PSA3p0,3,8.12493021061,g,5.52702500939e-11,3.40033337965e-11,2.12669162974e-11
PSA3p0,3,8.2381873314,g,4.94458186502e-11,3.04711209831e-11,1.89746976671e-11
PSA3p0,3,8.35302319503,g,4.42002598844e-11,2.72873592941e-11,1.69129005903e-11
PSA3p0,3,8.46945980831,g,3.94783172509e-11,2.44185915059e-11,1.50597257449e-11
PSA3p0,3,8.58751948485,g,3.52275975825e-11,2.18345752519e-11,1.33930223307e-11
PSA3p0,3,8.70722484924,g,3.14030673109e-11,1.95082589458e-11,1.18948083651e-11
PSA3p0,3,8.8285988415,g,2.79665328012e-11,1.74149051049e-11,1.05516276963e-11
PSA3p0,3,8.95166472138,g,2.48772591397e-11,1.55316683306e-11,9.34559080912e-12
PSA3p0,3,9.07644607289,g,2.21021106111e-11,1.38378452347e-11,8.26426537636e-12
PSA3p0,3,9.20296680876,g,1.96106442466e-11,1.23149934895e-11,7.29565075712e-12
PSA3p0,3,9.33125117508,g,1.73768102141e-11,1.09464504085e-11,6.43035980558e-12
PSA3p0,3,9.46132375589,g,1.53738243673e-11,9.71809219217e-12,5.65573217514e-12
PSA3p0,3,9.59320947794,g,1.35784125646e-11,8.61580161932e-12,4.96261094525e-12
PSA3p0,3,9.72693361543,g,1.19704352125e-11,7.6262802232e-12,4.34415498929e-12
PSA3p0,3,9.86252179487,g,1.05359186961e-11,6.73822786487e-12,3.7976908312e-12
PSA3p0,3,10,g,9.25225631918e-12,5.94153246686e-12,3.31072385232e-12
Displacement,,0.01,m,0.000778,,
Displacement,,0.018,m,0.000761,,
Displacement,,0.031,m,0.000739,,
Displacement,,0.048,m,0.000716,,
Displacement,,0.07,m,0.000692,,
Displacement,,0.1,m,0.000663,,
Displacement,,0.137,m,0.000632,,
Displacement,,0.183,m,0.000599,,
Displacement,,0.239,m,0.000563,,
Displacement,,0.306,m,0.000525,,
Displacement,,0.385,m,0.000485,,
Displacement,,0.478,m,0.000443,,
Displacement,,0.584,m,0.000401,,
Displacement,,0.707,m,0.000358,,
Displacement,,0.846,m,0.000316,,
Displacement,,1.004,m,0.000274,,
Displacement,,1.181,m,0.000235,,
Displacement,,1.379,m,0.000198,,
Displacement,,1.599,m,0.000165,,
Displacement,,1.842,m,0.000135,,
Displacement,,2.111,m,0.000108,,
Displacement,,2.405,m,8.57e-05,,
Displacement,,2.727,m,6.66e-05,,
Displacement,,3.078,m,5.08e-05,,
Displacement,,3.46,m,3.81e-05,,
Displacement,,3.874,m,2.81e-05,,
Displacement,,4.321,m,2.03e-05,,
Displacement,,4.803,m,1.44e-05,,
Displacement,,5.321,m,1e-05,,
Displacement,,5.877,m,6.83e-06,,
Displacement,,6.473,m,4.57e-06,,
Displacement,,7.11,m,3e-06,,
Displacement,,7.789,m,1.93e-06,,
Displacement,,8.513,m,1.22e-06,,
Displacement,,9.282,m,7.54e-07,,
Displacement,,10.099,m,4.57e-07,,
Displacement,,10.944,m,2.75e-07,,
Displacement,,11.859,m,1.6e-07,,
Displacement,,12.827,m,9.12e-08,,
Displacement,,13.849,m,5.1e-08,,
Displacement,,14.926,m,2.79e-08,,
Displacement,,16.061,m,1.5e-08,,
Displacement,,17.254,m,7.85e-09,,
Displacement,,18.508,m,4.04e-09,,
Displacement,,19.825,m,2.03e-09,,
Displacement,,21.206,m,1e-09,,
