case,x_type,M_center,x_center,epsilon_center,contribution_fraction,contribution_percent
PSA0p2_total,Rrup_km,6.05,0.05,1,0.0009389431681,0.093894317
PSA0p2_total,Rrup_km,6.05,0.05,3,0.000915468978,0.091546898
PSA0p2_total,Rrup_km,6.05,0.05,5,1.630536514e-06,0.00016305365
PSA0p2_total,Rrup_km,6.05,1.05,1,0.0007732418532,0.077324185
PSA0p2_total,Rrup_km,6.05,1.05,3,0.00102643139,0.10264314
PSA0p2_total,Rrup_km,6.05,1.05,5,1.8343548e-06,0.00018343548
PSA0p2_total,Rrup_km,6.05,1.45,1,6.857076951e-05,0.006857077
PSA0p2_total,Rrup_km,6.05,1.45,3,0.0001139589927,0.011395899
PSA0p2_total,Rrup_km,6.05,1.45,5,2.038173086e-07,2.0381731e-05
PSA0p2_total,Rrup_km,6.05,1.95,1,0.0002859779512,0.028597795
PSA0p2_total,Rrup_km,6.05,1.95,3,0.0008619781619,0.086197816
PSA0p2_total,Rrup_km,6.05,1.95,5,1.631895042e-06,0.0001631895
PSA0p2_total,Rrup_km,6.05,2.05,1,0.0005600155168,0.056001552
PSA0p2_total,Rrup_km,6.05,2.05,3,0.001017869732,0.10178697
PSA0p2_total,Rrup_km,6.05,2.05,5,1.8343548e-06,0.00018343548
PSA0p2_total,Rrup_km,6.05,2.25,1,0.0001178048973,0.01178049
PSA0p2_total,Rrup_km,6.05,2.25,3,0.0003298574264,0.032985743
PSA0p2_total,Rrup_km,6.05,2.25,5,6.116200316e-07,6.1162003e-05
PSA0p2_total,Rrup_km,6.05,2.35,1,0.0002504460926,0.025044609
PSA0p2_total,Rrup_km,6.05,2.35,3,0.0008731640269,0.087316403
PSA0p2_total,Rrup_km,6.05,2.35,5,1.631895042e-06,0.0001631895
PSA0p2_total,Rrup_km,6.05,2.55,1,2.485822705e-05,0.0024858227
PSA0p2_total,Rrup_km,6.05,2.55,3,0.0001072738623,0.010727386
PSA0p2_total,Rrup_km,6.05,2.55,5,2.039863916e-07,2.0398639e-05
PSA0p2_total,Rrup_km,6.05,2.85,1,4.331211879e-05,0.0043312119
PSA0p2_total,Rrup_km,6.05,2.85,3,0.0002084333716,0.020843337
PSA0p2_total,Rrup_km,6.05,2.85,5,4.078037003e-07,4.078037e-05
PSA0p2_total,Rrup_km,6.05,3.05,1,0.0001901616594,0.019016166
PSA0p2_total,Rrup_km,6.05,3.05,3,0.0009545173715,0.095451737
PSA0p2_total,Rrup_km,6.05,3.05,5,1.835703555e-06,0.00018357036
PSA0p2_total,Rrup_km,6.05,3.15,1,2.263170725e-05,0.0022631707
PSA0p2_total,Rrup_km,6.05,3.15,3,0.0001994377664,0.019943777
PSA0p2_total,Rrup_km,6.05,3.15,5,4.078037003e-07,4.078037e-05
PSA0p2_total,Rrup_km,6.05,3.25,1,1.727177697e-05,0.0017271777
PSA0p2_total,Rrup_km,6.05,3.25,3,0.0001057921873,0.010579219
PSA0p2_total,Rrup_km,6.05,3.25,5,2.039863916e-07,2.0398639e-05
PSA0p2_total,Rrup_km,6.05,3.65,1,2.414055289e-05,0.0024140553
PSA0p2_total,Rrup_km,6.05,3.65,3,0.0002773361497,0.027733615
PSA0p2_total,Rrup_km,6.05,3.65,5,6.117900919e-07,6.1179009e-05
PSA0p2_total,Rrup_km,6.05,3.85,1,2.217919039e-06,0.0002217919
PSA0p2_total,Rrup_km,6.05,3.85,3,8.605209208e-05,0.0086052092
PSA0p2_total,Rrup_km,6.05,3.85,5,2.039863916e-07,2.0398639e-05
PSA0p2_total,Rrup_km,6.05,4.05,3,7.65673191e-05,0.0076567319
PSA0p2_total,Rrup_km,6.05,4.05,5,2.038173086e-07,2.0381731e-05
PSA0p2_total,Rrup_km,6.05,4.15,3,7.979260127e-05,0.0079792601
PSA0p2_total,Rrup_km,6.05,4.15,5,2.038173086e-07,2.0381731e-05
PSA0p2_total,Rrup_km,6.05,4.25,1,9.922336258e-07,9.9223363e-05
PSA0p2_total,Rrup_km,6.05,4.25,3,8.434415857e-05,0.0084344159
PSA0p2_total,Rrup_km,6.05,4.25,5,2.039863916e-07,2.0398639e-05
PSA0p2_total,Rrup_km,6.05,4.45,3,0.0001447379582,0.014473796
PSA0p2_total,Rrup_km,6.05,4.45,5,4.078037003e-07,4.078037e-05
PSA0p2_total,Rrup_km,6.05,4.65,3,6.635881235e-05,0.0066358812
PSA0p2_total,Rrup_km,6.05,4.65,5,2.039863916e-07,2.0398639e-05
PSA0p2_total,Rrup_km,6.15,0.05,1,0.001212383568,0.12123836
PSA0p2_total,Rrup_km,6.15,0.05,3,0.001116319027,0.1116319
PSA0p2_total,Rrup_km,6.15,0.05,5,1.975641707e-06,0.00019756417
PSA0p2_total,Rrup_km,6.15,1.05,1,0.001025571315,0.10255713
PSA0p2_total,Rrup_km,6.15,1.05,3,0.001250686237,0.12506862
PSA0p2_total,Rrup_km,6.15,1.05,5,2.222590812e-06,0.00022225908
PSA0p2_total,Rrup_km,6.15,1.45,1,9.268004694e-05,0.0092680047
PSA0p2_total,Rrup_km,6.15,1.45,3,0.000138844488,0.013884449
PSA0p2_total,Rrup_km,6.15,1.45,5,2.46954969e-07,2.4695497e-05
PSA0p2_total,Rrup_km,6.15,1.95,1,0.000375710188,0.037571019
PSA0p2_total,Rrup_km,6.15,1.95,3,0.001085913412,0.10859134
PSA0p2_total,Rrup_km,6.15,1.95,5,1.976462688e-06,0.00019764627
PSA0p2_total,Rrup_km,6.15,2.05,1,4.760477389e-05,0.0047604774
PSA0p2_total,Rrup_km,6.15,2.05,3,0.000135559587,0.013555959
PSA0p2_total,Rrup_km,6.15,2.05,5,2.46954969e-07,2.4695497e-05
PSA0p2_total,Rrup_km,6.15,2.25,1,8.592777211e-05,0.0085927772
PSA0p2_total,Rrup_km,6.15,2.25,3,0.0002717046115,0.027170461
PSA0p2_total,Rrup_km,6.15,2.25,5,4.940125606e-07,4.9401256e-05
PSA0p2_total,Rrup_km,6.15,2.35,1,0.0003336749877,0.033367499
PSA0p2_total,Rrup_km,6.15,2.35,3,0.001101815031,0.1101815
PSA0p2_total,Rrup_km,6.15,2.35,5,1.976462688e-06,0.00019764627
PSA0p2_total,Rrup_km,6.15,2.55,1,3.383066884e-05,0.0033830669
PSA0p2_total,Rrup_km,6.15,2.55,3,0.0001352663795,0.013526638
PSA0p2_total,Rrup_km,6.15,2.55,5,2.470575916e-07,2.4705759e-05
PSA0p2_total,Rrup_km,6.15,2.85,1,1.759958292e-05,0.0017599583
PSA0p2_total,Rrup_km,6.15,2.85,3,0.0001261837894,0.012618379
PSA0p2_total,Rrup_km,6.15,2.85,5,2.470575916e-07,2.4705759e-05
PSA0p2_total,Rrup_km,6.15,3.05,1,1.470797085e-05,0.0014707971
PSA0p2_total,Rrup_km,6.15,3.05,3,0.0001220388132,0.012203881
PSA0p2_total,Rrup_km,6.15,3.05,5,2.46954969e-07,2.4695497e-05
PSA0p2_total,Rrup_km,6.15,3.15,1,3.022753997e-05,0.003022754
PSA0p2_total,Rrup_km,6.15,3.15,3,0.0002551989857,0.025519899
PSA0p2_total,Rrup_km,6.15,3.15,5,4.940125606e-07,4.9401256e-05
PSA0p2_total,Rrup_km,6.15,3.65,1,5.488922028e-06,0.0005488922
PSA0p2_total,Rrup_km,6.15,3.65,3,0.0001070793681,0.010707937
PSA0p2_total,Rrup_km,6.15,3.65,5,2.470575916e-07,2.4705759e-05
PSA0p2_total,Rrup_km,6.15,3.85,1,4.046663803e-06,0.00040466638
PSA0p2_total,Rrup_km,6.15,3.85,3,0.0001100866993,0.01100867
PSA0p2_total,Rrup_km,6.15,3.85,5,2.470575916e-07,2.4705759e-05
PSA0p2_total,Rrup_km,6.15,4.05,3,9.90542796e-05,0.009905428
PSA0p2_total,Rrup_km,6.15,4.05,5,2.46954969e-07,2.4695497e-05
PSA0p2_total,Rrup_km,6.15,4.15,3,0.0001034377313,0.010343773
PSA0p2_total,Rrup_km,6.15,4.15,5,2.46954969e-07,2.4695497e-05
PSA0p2_total,Rrup_km,6.15,4.45,3,8.435354121e-05,0.0084353541
PSA0p2_total,Rrup_km,6.15,4.45,5,2.470575916e-07,2.4705759e-05
PSA0p2_total,Rrup_km,6.15,4.65,3,8.644196028e-05,0.008644196
PSA0p2_total,Rrup_km,6.15,4.65,5,2.470575916e-07,2.4705759e-05
PSA0p2_total,Rrup_km,6.25,0.05,1,0.002111787709,0.21117877
PSA0p2_total,Rrup_km,6.25,0.05,3,0.001848370118,0.18483701
PSA0p2_total,Rrup_km,6.25,0.05,5,3.246881787e-06,0.00032468818
PSA0p2_total,Rrup_km,6.25,1.05,1,0.0001730197734,0.017301977
PSA0p2_total,Rrup_km,6.25,1.05,3,0.0002298218792,0.022982188
PSA0p2_total,Rrup_km,6.25,1.05,5,4.058597347e-07,4.0585973e-05
PSA0p2_total,Rrup_km,6.25,1.95,1,0.0006873349965,0.0687335
PSA0p2_total,Rrup_km,6.25,1.95,3,0.00183421797,0.1834218
PSA0p2_total,Rrup_km,6.25,1.95,5,3.248162127e-06,0.00032481621
PSA0p2_total,Rrup_km,6.25,2.05,1,8.683827904e-05,0.0086838279
PSA0p2_total,Rrup_km,6.25,2.05,3,0.0002291768227,0.022917682
PSA0p2_total,Rrup_km,6.25,2.05,5,4.058597347e-07,4.0585973e-05
PSA0p2_total,Rrup_km,6.25,2.25,1,6.756448147e-05,0.0067564481
PSA0p2_total,Rrup_km,6.25,2.25,3,0.0002280802268,0.022808023
PSA0p2_total,Rrup_km,6.25,2.25,5,4.060209989e-07,4.06021e-05
PSA0p2_total,Rrup_km,6.25,2.85,1,3.285116041e-05,0.003285116
PSA0p2_total,Rrup_km,6.25,2.85,3,0.0002168415845,0.021684158
PSA0p2_total,Rrup_km,6.25,2.85,5,4.060209989e-07,4.06021e-05
PSA0p2_total,Rrup_km,6.25,3.05,1,2.658306886e-05,0.0026583069
PSA0p2_total,Rrup_km,6.25,3.05,3,0.0002112422991,0.02112423
PSA0p2_total,Rrup_km,6.25,3.05,5,4.058597347e-07,4.0585973e-05
PSA0p2_total,Rrup_km,6.25,3.65,1,1.13526023e-05,0.0011352602
PSA0p2_total,Rrup_km,6.25,3.65,3,0.0001854253814,0.018542538
PSA0p2_total,Rrup_km,6.25,3.65,5,4.060209989e-07,4.06021e-05
PSA0p2_total,Rrup_km,6.25,4.05,1,1.924164249e-06,0.00019241642
PSA0p2_total,Rrup_km,6.25,4.05,3,0.0001718449888,0.017184499
PSA0p2_total,Rrup_km,6.25,4.05,5,4.058597347e-07,4.0585973e-05
PSA0p2_total,Rrup_km,6.25,4.45,3,0.000148606342,0.014860634
PSA0p2_total,Rrup_km,6.25,4.45,5,4.060209989e-07,4.06021e-05
PSA0p2_total,Rrup_km,6.35,0.05,1,0.00186627532,0.18662753
PSA0p2_total,Rrup_km,6.35,0.05,3,0.001561456835,0.15614568
PSA0p2_total,Rrup_km,6.35,0.05,5,2.719831586e-06,0.00027198316
PSA0p2_total,Rrup_km,6.35,1.05,1,0.0001572940794,0.015729408
PSA0p2_total,Rrup_km,6.35,1.05,3,0.0001938726886,0.019387269
PSA0p2_total,Rrup_km,6.35,1.05,5,3.399789483e-07,3.3997895e-05
PSA0p2_total,Rrup_km,6.35,1.95,1,0.0006678797035,0.06678797
PSA0p2_total,Rrup_km,6.35,1.95,3,0.001546757367,0.15467574
PSA0p2_total,Rrup_km,6.35,1.95,5,2.720730756e-06,0.00027207308
PSA0p2_total,Rrup_km,6.35,2.05,1,8.430506424e-05,0.0084305064
PSA0p2_total,Rrup_km,6.35,2.05,3,0.0001932716133,0.019327161
PSA0p2_total,Rrup_km,6.35,2.05,5,3.399789483e-07,3.3997895e-05
PSA0p2_total,Rrup_km,6.35,2.25,1,6.699585445e-05,0.0066995854
PSA0p2_total,Rrup_km,6.35,2.25,3,0.0001931484662,0.019314847
PSA0p2_total,Rrup_km,6.35,2.25,5,3.400903671e-07,3.4009037e-05
PSA0p2_total,Rrup_km,6.35,2.85,1,3.144786946e-05,0.0031447869
PSA0p2_total,Rrup_km,6.35,2.85,3,0.0001893318823,0.018933188
PSA0p2_total,Rrup_km,6.35,2.85,5,3.400903671e-07,3.4009037e-05
PSA0p2_total,Rrup_km,6.35,3.05,1,2.432683737e-05,0.0024326837
PSA0p2_total,Rrup_km,6.35,3.05,3,0.0001862815472,0.018628155
PSA0p2_total,Rrup_km,6.35,3.05,5,3.399789483e-07,3.3997895e-05
PSA0p2_total,Rrup_km,6.35,3.65,1,1.150643848e-05,0.0011506438
PSA0p2_total,Rrup_km,6.35,3.65,3,0.0001636586362,0.016365864
PSA0p2_total,Rrup_km,6.35,3.65,5,3.400903671e-07,3.4009037e-05
PSA0p2_total,Rrup_km,6.35,4.05,1,3.548387029e-06,0.0003548387
PSA0p2_total,Rrup_km,6.35,4.05,3,0.0001516928393,0.015169284
PSA0p2_total,Rrup_km,6.35,4.05,5,3.399789483e-07,3.3997895e-05
PSA0p2_total,Rrup_km,6.35,4.45,3,0.0001333302328,0.013333023
PSA0p2_total,Rrup_km,6.35,4.45,5,3.400903671e-07,3.4009037e-05
PSA0p2_total,Rrup_km,6.45,0.05,1,0.001679893105,0.16798931
PSA0p2_total,Rrup_km,6.45,0.05,3,0.001350239947,0.13502399
PSA0p2_total,Rrup_km,6.45,0.05,5,2.329621312e-06,0.00023296213
PSA0p2_total,Rrup_km,6.45,1.05,1,0.0001452911429,0.014529114
PSA0p2_total,Rrup_km,6.45,1.05,3,0.0001673628239,0.016736282
PSA0p2_total,Rrup_km,6.45,1.05,5,2.912019309e-07,2.9120193e-05
PSA0p2_total,Rrup_km,6.45,1.95,1,0.0006522722699,0.065227227
PSA0p2_total,Rrup_km,6.45,1.95,3,0.00133494429,0.13349443
PSA0p2_total,Rrup_km,6.45,1.95,5,2.330588896e-06,0.00023305889
PSA0p2_total,Rrup_km,6.45,2.05,1,8.226306968e-05,0.008226307
PSA0p2_total,Rrup_km,6.45,2.05,3,0.0001667891146,0.016678911
PSA0p2_total,Rrup_km,6.45,2.05,5,2.912019309e-07,2.9120193e-05
PSA0p2_total,Rrup_km,6.45,2.25,1,6.71940627e-05,0.0067194063
PSA0p2_total,Rrup_km,6.45,2.25,3,0.0001666816052,0.016668161
PSA0p2_total,Rrup_km,6.45,2.25,5,2.913241007e-07,2.913241e-05
PSA0p2_total,Rrup_km,6.45,2.85,1,3.332136746e-05,0.0033321367
PSA0p2_total,Rrup_km,6.45,2.85,3,0.0001661479676,0.016614797
PSA0p2_total,Rrup_km,6.45,2.85,5,2.913241007e-07,2.913241e-05
PSA0p2_total,Rrup_km,6.45,3.05,1,2.463802824e-05,0.0024638028
PSA0p2_total,Rrup_km,6.45,3.05,3,0.0001659026507,0.016590265
PSA0p2_total,Rrup_km,6.45,3.05,5,2.912019309e-07,2.9120193e-05
PSA0p2_total,Rrup_km,6.45,3.65,1,1.160554261e-05,0.0011605543
PSA0p2_total,Rrup_km,6.45,3.65,3,0.0001477325838,0.014773258
PSA0p2_total,Rrup_km,6.45,3.65,5,2.913241007e-07,2.913241e-05
PSA0p2_total,Rrup_km,6.45,4.05,1,4.738838678e-06,0.00047388387
PSA0p2_total,Rrup_km,6.45,4.05,3,0.0001369699149,0.013696991
PSA0p2_total,Rrup_km,6.45,4.05,5,2.912019309e-07,2.9120193e-05
PSA0p2_total,Rrup_km,6.45,4.45,3,0.0001222557867,0.012225579
PSA0p2_total,Rrup_km,6.45,4.45,5,2.913241007e-07,2.913241e-05
PSA0p2_total,Rrup_km,6.55,0.05,1,0.001580906263,0.15809063
PSA0p2_total,Rrup_km,6.55,0.05,3,0.001195357987,0.1195358
PSA0p2_total,Rrup_km,6.55,0.05,5,2.0515238e-06,0.00020515238
PSA0p2_total,Rrup_km,6.55,1.05,1,0.0001405568196,0.014055682
PSA0p2_total,Rrup_km,6.55,1.05,3,0.0001480062441,0.014800624
PSA0p2_total,Rrup_km,6.55,1.05,5,2.564402307e-07,2.5644023e-05
PSA0p2_total,Rrup_km,6.55,1.95,1,0.000667883613,0.066788361
PSA0p2_total,Rrup_km,6.55,1.95,3,0.001180492369,0.11804924
PSA0p2_total,Rrup_km,6.55,1.95,5,2.052598894e-06,0.00020525989
PSA0p2_total,Rrup_km,6.55,2.05,1,8.416764767e-05,0.0084167648
PSA0p2_total,Rrup_km,6.55,2.05,3,0.0001474755386,0.014747554
PSA0p2_total,Rrup_km,6.55,2.05,5,2.564402307e-07,2.5644023e-05
PSA0p2_total,Rrup_km,6.55,2.25,1,7.056585087e-05,0.0070565851
PSA0p2_total,Rrup_km,6.55,2.25,3,0.0001473885537,0.014738855
PSA0p2_total,Rrup_km,6.55,2.25,5,2.565751061e-07,2.5657511e-05
PSA0p2_total,Rrup_km,6.55,2.85,1,3.992918874e-05,0.0039929189
PSA0p2_total,Rrup_km,6.55,2.85,3,0.0001468940104,0.014689401
PSA0p2_total,Rrup_km,6.55,2.85,5,2.565751061e-07,2.5657511e-05
PSA0p2_total,Rrup_km,6.55,3.05,1,3.206507119e-05,0.0032065071
PSA0p2_total,Rrup_km,6.55,3.05,3,0.0001466545576,0.014665456
PSA0p2_total,Rrup_km,6.55,3.05,5,2.564402307e-07,2.5644023e-05
PSA0p2_total,Rrup_km,6.55,3.65,1,1.179583426e-05,0.0011795834
PSA0p2_total,Rrup_km,6.55,3.65,3,0.0001384799334,0.013847993
PSA0p2_total,Rrup_km,6.55,3.65,5,2.565751061e-07,2.5657511e-05
PSA0p2_total,Rrup_km,6.55,4.05,1,5.706335367e-06,0.00057063354
PSA0p2_total,Rrup_km,6.55,4.05,3,0.0001284258492,0.012842585
PSA0p2_total,Rrup_km,6.55,4.05,5,2.564402307e-07,2.5644023e-05
PSA0p2_total,Rrup_km,6.55,4.45,3,0.0001162450336,0.011624503
PSA0p2_total,Rrup_km,6.55,4.45,5,2.565751061e-07,2.5657511e-05
PSA0p2_total,Rrup_km,6.65,0.05,1,0.001566304531,0.15663045
PSA0p2_total,Rrup_km,6.65,0.05,3,0.001092393298,0.10923933
PSA0p2_total,Rrup_km,6.65,0.05,5,1.874524224e-06,0.00018745242
PSA0p2_total,Rrup_km,6.65,1.05,1,0.0001432162114,0.014321621
PSA0p2_total,Rrup_km,6.65,1.05,3,0.000135232172,0.013523217
PSA0p2_total,Rrup_km,6.65,1.05,5,2.343157723e-07,2.3431577e-05
PSA0p2_total,Rrup_km,6.65,1.95,1,0.0007184648336,0.071846483
PSA0p2_total,Rrup_km,6.65,1.95,3,0.001078407301,0.10784073
PSA0p2_total,Rrup_km,6.65,1.95,5,1.87513996e-06,0.000187514
PSA0p2_total,Rrup_km,6.65,2.05,1,9.051265732e-05,0.0090512657
PSA0p2_total,Rrup_km,6.65,2.05,3,0.000134749357,0.013474936
PSA0p2_total,Rrup_km,6.65,2.05,5,2.343157723e-07,2.3431577e-05
PSA0p2_total,Rrup_km,6.65,2.25,1,7.76531641e-05,0.0077653164
PSA0p2_total,Rrup_km,6.65,2.25,3,0.0001346438023,0.01346438
PSA0p2_total,Rrup_km,6.65,2.25,5,2.343929836e-07,2.3439298e-05
PSA0p2_total,Rrup_km,6.65,2.85,1,4.871358681e-05,0.0048713587
PSA0p2_total,Rrup_km,6.65,2.85,3,0.0001341951949,0.013419519
PSA0p2_total,Rrup_km,6.65,2.85,5,2.343929836e-07,2.3439298e-05
PSA0p2_total,Rrup_km,6.65,3.05,1,4.129524234e-05,0.0041295242
PSA0p2_total,Rrup_km,6.65,3.05,3,0.0001340026553,0.013400266
PSA0p2_total,Rrup_km,6.65,3.05,5,2.343157723e-07,2.3431577e-05
PSA0p2_total,Rrup_km,6.65,3.65,1,1.611429161e-05,0.0016114292
PSA0p2_total,Rrup_km,6.65,3.65,3,0.000132067486,0.013206749
PSA0p2_total,Rrup_km,6.65,3.65,5,2.343929836e-07,2.3439298e-05
PSA0p2_total,Rrup_km,6.65,4.05,1,6.648831232e-06,0.00066488312
PSA0p2_total,Rrup_km,6.65,4.05,3,0.0001261554461,0.012615545
PSA0p2_total,Rrup_km,6.65,4.05,5,2.343157723e-07,2.3431577e-05
PSA0p2_total,Rrup_km,6.65,4.45,1,6.345283312e-07,6.3452833e-05
PSA0p2_total,Rrup_km,6.65,4.45,3,0.0001149568754,0.011495688
PSA0p2_total,Rrup_km,6.65,4.45,5,2.343929836e-07,2.3439298e-05
PSA0p2_total,Rrup_km,6.75,0.05,1,0.008971728319,0.89717283
PSA0p2_total,Rrup_km,6.75,0.05,3,0.005803719341,0.58037193
PSA0p2_total,Rrup_km,6.75,0.05,5,9.957521154e-06,0.00099575212
PSA0p2_total,Rrup_km,6.75,1.05,1,0.0008409258656,0.084092587
PSA0p2_total,Rrup_km,6.75,1.05,3,0.0007183338676,0.071833387
PSA0p2_total,Rrup_km,6.75,1.05,5,1.244695031e-06,0.0001244695
PSA0p2_total,Rrup_km,6.75,1.95,1,0.00441066133,0.44106613
PSA0p2_total,Rrup_km,6.75,1.95,3,0.005726556909,0.57265569
PSA0p2_total,Rrup_km,6.75,1.95,5,9.957521154e-06,0.00099575212
PSA0p2_total,Rrup_km,6.75,2.05,1,0.000555601767,0.055560177
PSA0p2_total,Rrup_km,6.75,2.05,3,0.0007157810079,0.071578101
PSA0p2_total,Rrup_km,6.75,2.05,5,1.244695031e-06,0.0001244695
PSA0p2_total,Rrup_km,6.75,2.25,1,0.0004850970988,0.04850971
PSA0p2_total,Rrup_km,6.75,2.25,3,0.0007149893478,0.071498935
PSA0p2_total,Rrup_km,6.75,2.25,5,1.244695031e-06,0.0001244695
PSA0p2_total,Rrup_km,6.75,2.85,1,0.000326740631,0.032674063
PSA0p2_total,Rrup_km,6.75,2.85,3,0.0007126182767,0.071261828
PSA0p2_total,Rrup_km,6.75,2.85,5,1.244695031e-06,0.0001244695
PSA0p2_total,Rrup_km,6.75,3.05,1,0.0002862525888,0.028625259
PSA0p2_total,Rrup_km,6.75,3.05,3,0.0007118383448,0.071183834
PSA0p2_total,Rrup_km,6.75,3.05,5,1.244695031e-06,0.0001244695
PSA0p2_total,Rrup_km,6.75,3.65,1,0.0001392031785,0.013920318
PSA0p2_total,Rrup_km,6.75,3.65,3,0.0007089707758,0.070897078
PSA0p2_total,Rrup_km,6.75,3.65,5,1.244695031e-06,0.0001244695
PSA0p2_total,Rrup_km,6.75,4.05,1,6.713532347e-05,0.0067135323
PSA0p2_total,Rrup_km,6.75,4.05,3,0.0006962709829,0.069627098
PSA0p2_total,Rrup_km,6.75,4.05,5,1.244695031e-06,0.0001244695
PSA0p2_total,Rrup_km,6.75,4.45,1,1.091112958e-05,0.001091113
PSA0p2_total,Rrup_km,6.75,4.45,3,0.0006564035632,0.065640356
PSA0p2_total,Rrup_km,6.75,4.45,5,1.244695031e-06,0.0001244695
PSA0p2_total,Rrup_km,6.85,0.05,1,0.02221945755,2.2219458
PSA0p2_total,Rrup_km,6.85,0.05,3,0.01385757145,1.3857571
PSA0p2_total,Rrup_km,6.85,0.05,5,2.377208884e-05,0.0023772089
PSA0p2_total,Rrup_km,6.85,1.05,1,0.002112110237,0.21121102
PSA0p2_total,Rrup_km,6.85,1.05,3,0.001714843436,0.17148434
PSA0p2_total,Rrup_km,6.85,1.05,5,2.971501332e-06,0.00029715013
PSA0p2_total,Rrup_km,6.85,1.95,1,0.01136159399,1.1361594
PSA0p2_total,Rrup_km,6.85,1.95,3,0.01367666244,1.3676662
PSA0p2_total,Rrup_km,6.85,1.95,5,2.378196016e-05,0.002378196
PSA0p2_total,Rrup_km,6.85,2.05,1,0.001430793812,0.14307938
PSA0p2_total,Rrup_km,6.85,2.05,3,0.001708783815,0.17087838
PSA0p2_total,Rrup_km,6.85,2.05,5,2.971501332e-06,0.00029715013
PSA0p2_total,Rrup_km,6.85,2.25,1,0.001261398083,0.12613981
PSA0p2_total,Rrup_km,6.85,2.25,3,0.001707610985,0.1707611
PSA0p2_total,Rrup_km,6.85,2.25,5,2.972742576e-06,0.00029727426
PSA0p2_total,Rrup_km,6.85,2.85,1,0.0008806486363,0.088064864
PSA0p2_total,Rrup_km,6.85,2.85,3,0.001701981401,0.17019814
PSA0p2_total,Rrup_km,6.85,2.85,5,2.972742576e-06,0.00029727426
PSA0p2_total,Rrup_km,6.85,3.05,1,0.0007833614203,0.078336142
PSA0p2_total,Rrup_km,6.85,3.05,3,0.001699420723,0.16994207
PSA0p2_total,Rrup_km,6.85,3.05,5,2.971501332e-06,0.00029715013
PSA0p2_total,Rrup_km,6.85,3.65,1,0.0004274251442,0.042742514
PSA0p2_total,Rrup_km,6.85,3.65,3,0.001693322007,0.1693322
PSA0p2_total,Rrup_km,6.85,3.65,5,2.972742576e-06,0.00029727426
PSA0p2_total,Rrup_km,6.85,4.05,1,0.000226882963,0.022688296
PSA0p2_total,Rrup_km,6.85,4.05,3,0.00168779016,0.16877902
PSA0p2_total,Rrup_km,6.85,4.05,5,2.971501332e-06,0.00029715013
PSA0p2_total,Rrup_km,6.85,4.45,1,5.25443424e-05,0.0052544342
PSA0p2_total,Rrup_km,6.85,4.45,3,0.001628435194,0.16284352
PSA0p2_total,Rrup_km,6.85,4.45,5,2.972742576e-06,0.00029727426
PSA0p2_total,Rrup_km,6.95,0.05,1,0.04099685488,4.0996855
PSA0p2_total,Rrup_km,6.95,0.05,3,0.02474944707,2.4749447
PSA0p2_total,Rrup_km,6.95,0.05,5,4.245008883e-05,0.0042450089
PSA0p2_total,Rrup_km,6.95,1.05,1,0.003948361112,0.39483611
PSA0p2_total,Rrup_km,6.95,1.05,3,0.003062121987,0.3062122
PSA0p2_total,Rrup_km,6.95,1.05,5,5.306263547e-06,0.00053062635
PSA0p2_total,Rrup_km,6.95,1.95,1,0.02171963655,2.1719637
PSA0p2_total,Rrup_km,6.95,1.95,3,0.0244221298,2.442213
PSA0p2_total,Rrup_km,6.95,1.95,5,4.246777902e-05,0.0042467779
PSA0p2_total,Rrup_km,6.95,2.05,1,0.002735537733,0.27355377
PSA0p2_total,Rrup_km,6.95,2.05,3,0.003051341726,0.30513417
PSA0p2_total,Rrup_km,6.95,2.05,5,5.306263547e-06,0.00053062635
PSA0p2_total,Rrup_km,6.95,2.25,1,0.0024312177,0.24312177
PSA0p2_total,Rrup_km,6.95,2.25,3,0.003049269726,0.30492697
PSA0p2_total,Rrup_km,6.95,2.25,5,5.308472377e-06,0.00053084724
PSA0p2_total,Rrup_km,6.95,2.85,1,0.001748953238,0.17489532
PSA0p2_total,Rrup_km,6.95,2.85,3,0.003039271351,0.30392714
PSA0p2_total,Rrup_km,6.95,2.85,5,5.308472377e-06,0.00053084724
PSA0p2_total,Rrup_km,6.95,3.05,1,0.001575237586,0.15752376
PSA0p2_total,Rrup_km,6.95,3.05,3,0.003034716862,0.30347169
PSA0p2_total,Rrup_km,6.95,3.05,5,5.306263547e-06,0.00053062635
PSA0p2_total,Rrup_km,6.95,3.65,1,0.0009326265018,0.09326265
PSA0p2_total,Rrup_km,6.95,3.65,3,0.003023897506,0.30238975
PSA0p2_total,Rrup_km,6.95,3.65,5,5.308472377e-06,0.00053084724
PSA0p2_total,Rrup_km,6.95,4.05,1,0.0005704497933,0.057044979
PSA0p2_total,Rrup_km,6.95,4.05,3,0.00301408483,0.30140848
PSA0p2_total,Rrup_km,6.95,4.05,5,5.306263547e-06,0.00053062635
PSA0p2_total,Rrup_km,6.95,4.45,1,0.0001651207641,0.016512076
PSA0p2_total,Rrup_km,6.95,4.45,3,0.002994391061,0.29943911
PSA0p2_total,Rrup_km,6.95,4.45,5,5.308472377e-06,0.00053084724
PSA0p2_total,Rrup_km,7.05,0.05,1,0.07403107449,7.4031074
PSA0p2_total,Rrup_km,7.05,0.05,3,0.04337486519,4.3374865
PSA0p2_total,Rrup_km,7.05,0.05,5,7.428763102e-05,0.0074287631
PSA0p2_total,Rrup_km,7.05,1.95,1,0.04057580895,4.0575809
PSA0p2_total,Rrup_km,7.05,1.95,3,0.04273792083,4.2737921
PSA0p2_total,Rrup_km,7.05,1.95,5,7.431861328e-05,0.0074318613
PSA0p2_total,Rrup_km,7.15,0.05,1,0.07628769691,7.6287697
PSA0p2_total,Rrup_km,7.15,0.05,3,0.0433827818,4.3382782
PSA0p2_total,Rrup_km,7.15,0.05,5,7.428763102e-05,0.0074287631
PSA0p2_total,Rrup_km,7.15,1.95,1,0.0431959109,4.3195911
PSA0p2_total,Rrup_km,7.15,1.95,3,0.04273713895,4.2737139
PSA0p2_total,Rrup_km,7.15,1.95,5,7.431861328e-05,0.0074318613
PSA0p2_total,Rrup_km,7.25,0.05,1,0.03916929271,3.9169293
PSA0p2_total,Rrup_km,7.25,0.05,3,0.02169539807,2.1695398
PSA0p2_total,Rrup_km,7.25,0.05,5,3.714381551e-05,0.0037143816
PSA0p2_total,Rrup_km,7.25,1.95,1,0.02283939588,2.2839396
PSA0p2_total,Rrup_km,7.25,1.95,3,0.02135928457,2.1359285
PSA0p2_total,Rrup_km,7.25,1.95,5,3.714381551e-05,0.0037143816
PSA3p0_total,Rrup_km,6.05,0.05,3,0.0001551616907,0.015516169
PSA3p0_total,Rrup_km,6.05,0.05,5,1.64193614e-06,0.00016419361
PSA3p0_total,Rrup_km,6.05,1.05,3,0.0001195428244,0.011954282
PSA3p0_total,Rrup_km,6.05,1.05,5,1.847179387e-06,0.00018471794
PSA3p0_total,Rrup_km,6.05,1.45,3,1.128690234e-05,0.0011286902
PSA3p0_total,Rrup_km,6.05,1.45,5,2.052422635e-07,2.0524226e-05
PSA3p0_total,Rrup_km,6.05,1.95,3,6.944374874e-05,0.0069443749
PSA3p0_total,Rrup_km,6.05,1.95,5,1.643304166e-06,0.00016433042
PSA3p0_total,Rrup_km,6.05,2.05,3,8.322439492e-05,0.0083224395
PSA3p0_total,Rrup_km,6.05,2.05,5,1.847179387e-06,0.00018471794
PSA3p0_total,Rrup_km,6.05,2.25,3,2.437556363e-05,0.0024375564
PSA3p0_total,Rrup_km,6.05,2.25,5,6.158960714e-07,6.1589607e-05
PSA3p0_total,Rrup_km,6.05,2.35,3,6.093866303e-05,0.0060938663
PSA3p0_total,Rrup_km,6.05,2.35,5,1.643304166e-06,0.00016433042
PSA3p0_total,Rrup_km,6.05,2.55,3,6.982581179e-06,0.00069825812
PSA3p0_total,Rrup_km,6.05,2.55,5,2.054125286e-07,2.0541253e-05
PSA3p0_total,Rrup_km,6.05,2.85,3,1.26487278e-05,0.0012648728
PSA3p0_total,Rrup_km,6.05,2.85,5,4.106547921e-07,4.1065479e-05
PSA3p0_total,Rrup_km,6.05,3.05,3,5.303285139e-05,0.0053032851
PSA3p0_total,Rrup_km,6.05,3.05,5,1.848537571e-06,0.00018485376
PSA3p0_total,Rrup_km,6.05,3.15,3,1.094332116e-05,0.0010943321
PSA3p0_total,Rrup_km,6.05,3.15,5,4.106547921e-07,4.1065479e-05
PSA3p0_total,Rrup_km,6.05,3.25,3,5.508676016e-06,0.0005508676
PSA3p0_total,Rrup_km,6.05,3.25,5,2.054125286e-07,2.0541253e-05
PSA3p0_total,Rrup_km,6.05,3.65,3,1.341777486e-05,0.0013417775
PSA3p0_total,Rrup_km,6.05,3.65,5,6.160673207e-07,6.1606732e-05
PSA3p0_total,Rrup_km,6.05,3.85,3,3.979075468e-06,0.00039790755
PSA3p0_total,Rrup_km,6.05,3.85,5,2.054125286e-07,2.0541253e-05
PSA3p0_total,Rrup_km,6.05,4.05,3,3.57248637e-06,0.00035724864
PSA3p0_total,Rrup_km,6.05,4.05,5,2.052422635e-07,2.0524226e-05
PSA3p0_total,Rrup_km,6.05,4.15,3,3.458113502e-06,0.00034581135
PSA3p0_total,Rrup_km,6.05,4.15,5,2.052422635e-07,2.0524226e-05
PSA3p0_total,Rrup_km,6.05,4.25,3,3.336713509e-06,0.00033367135
PSA3p0_total,Rrup_km,6.05,4.25,5,2.054125286e-07,2.0541253e-05
PSA3p0_total,Rrup_km,6.05,4.45,3,5.89080796e-06,0.0005890808
PSA3p0_total,Rrup_km,6.05,4.45,5,4.106547921e-07,4.1065479e-05
PSA3p0_total,Rrup_km,6.05,4.65,3,2.668339374e-06,0.00026683394
PSA3p0_total,Rrup_km,6.05,4.65,5,2.054125286e-07,2.0541253e-05
PSA3p0_total,Rrup_km,6.15,0.05,3,0.0003158122161,0.031581222
PSA3p0_total,Rrup_km,6.15,0.05,5,1.989454078e-06,0.00019894541
PSA3p0_total,Rrup_km,6.15,1.05,3,0.0002595952106,0.025959521
PSA3p0_total,Rrup_km,6.15,1.05,5,2.238129686e-06,0.00022381297
PSA3p0_total,Rrup_km,6.15,1.45,3,2.511626598e-05,0.0025116266
PSA3p0_total,Rrup_km,6.15,1.45,5,2.486815136e-07,2.4868151e-05
PSA3p0_total,Rrup_km,6.15,1.95,3,0.0001596919231,0.015969192
PSA3p0_total,Rrup_km,6.15,1.95,5,1.990280798e-06,0.00019902808
PSA3p0_total,Rrup_km,6.15,2.05,3,1.988617515e-05,0.0019886175
PSA3p0_total,Rrup_km,6.15,2.05,5,2.486815136e-07,2.4868151e-05
PSA3p0_total,Rrup_km,6.15,2.25,3,3.713137144e-05,0.0037131371
PSA3p0_total,Rrup_km,6.15,2.25,5,4.974663674e-07,4.9746637e-05
PSA3p0_total,Rrup_km,6.15,2.35,3,0.0001430522013,0.01430522
PSA3p0_total,Rrup_km,6.15,2.35,5,1.990280798e-06,0.00019902808
PSA3p0_total,Rrup_km,6.15,2.55,3,1.657860354e-05,0.0016578604
PSA3p0_total,Rrup_km,6.15,2.55,5,2.487848537e-07,2.4878485e-05
PSA3p0_total,Rrup_km,6.15,2.85,3,1.47033255e-05,0.0014703325
PSA3p0_total,Rrup_km,6.15,2.85,5,2.487848537e-07,2.4878485e-05
PSA3p0_total,Rrup_km,6.15,3.05,3,1.374275482e-05,0.0013742755
PSA3p0_total,Rrup_km,6.15,3.05,5,2.486815136e-07,2.4868151e-05
PSA3p0_total,Rrup_km,6.15,3.15,3,2.680228405e-05,0.0026802284
PSA3p0_total,Rrup_km,6.15,3.15,5,4.974663674e-07,4.9746637e-05
PSA3p0_total,Rrup_km,6.15,3.65,3,1.084037476e-05,0.0010840375
PSA3p0_total,Rrup_km,6.15,3.65,5,2.487848537e-07,2.4878485e-05
PSA3p0_total,Rrup_km,6.15,3.85,3,1.01433705e-05,0.001014337
PSA3p0_total,Rrup_km,6.15,3.85,5,2.487848537e-07,2.4878485e-05
PSA3p0_total,Rrup_km,6.15,4.05,3,9.21095753e-06,0.00092109575
PSA3p0_total,Rrup_km,6.15,4.05,5,2.486815136e-07,2.4868151e-05
PSA3p0_total,Rrup_km,6.15,4.15,3,8.974062691e-06,0.00089740627
PSA3p0_total,Rrup_km,6.15,4.15,5,2.486815136e-07,2.4868151e-05
PSA3p0_total,Rrup_km,6.15,4.45,3,7.56366739e-06,0.00075636674
PSA3p0_total,Rrup_km,6.15,4.45,5,2.487848537e-07,2.4878485e-05
PSA3p0_total,Rrup_km,6.15,4.65,3,7.15995213e-06,0.00071599521
PSA3p0_total,Rrup_km,6.15,4.65,5,2.487848537e-07,2.4878485e-05
PSA3p0_total,Rrup_km,6.25,0.05,3,0.0008208834294,0.082088343
PSA3p0_total,Rrup_km,6.25,0.05,5,3.269581822e-06,0.00032695818
PSA3p0_total,Rrup_km,6.25,1.05,3,7.660157502e-05,0.0076601575
PSA3p0_total,Rrup_km,6.25,1.05,5,4.086972357e-07,4.0869724e-05
PSA3p0_total,Rrup_km,6.25,1.95,3,0.0004556923689,0.045569237
PSA3p0_total,Rrup_km,6.25,1.95,5,3.270871113e-06,0.00032708711
PSA3p0_total,Rrup_km,6.25,2.05,3,5.676756201e-05,0.0056767562
PSA3p0_total,Rrup_km,6.25,2.05,5,4.086972357e-07,4.0869724e-05
PSA3p0_total,Rrup_km,6.25,2.25,3,5.280097593e-05,0.0052800976
PSA3p0_total,Rrup_km,6.25,2.25,5,4.088596272e-07,4.0885963e-05
PSA3p0_total,Rrup_km,6.25,2.85,3,4.339289473e-05,0.0043392895
PSA3p0_total,Rrup_km,6.25,2.85,5,4.088596272e-07,4.0885963e-05
PSA3p0_total,Rrup_km,6.25,3.05,3,4.084354408e-05,0.0040843544
PSA3p0_total,Rrup_km,6.25,3.05,5,4.086972357e-07,4.0869724e-05
PSA3p0_total,Rrup_km,6.25,3.65,3,3.300849579e-05,0.0033008496
PSA3p0_total,Rrup_km,6.25,3.65,5,4.088596272e-07,4.0885963e-05
PSA3p0_total,Rrup_km,6.25,4.05,3,2.850434443e-05,0.0028504344
PSA3p0_total,Rrup_km,6.25,4.05,5,4.086972357e-07,4.0869724e-05
PSA3p0_total,Rrup_km,6.25,4.45,3,2.386772094e-05,0.0023867721
PSA3p0_total,Rrup_km,6.25,4.45,5,4.088596272e-07,4.0885963e-05
PSA3p0_total,Rrup_km,6.35,0.05,3,0.001013549697,0.10135497
PSA3p0_total,Rrup_km,6.35,0.05,5,2.738846837e-06,0.00027388468
PSA3p0_total,Rrup_km,6.35,1.05,3,9.805448425e-05,0.0098054484
PSA3p0_total,Rrup_km,6.35,1.05,5,3.423558546e-07,3.4235585e-05
PSA3p0_total,Rrup_km,6.35,1.95,3,0.0006010367516,0.060103675
PSA3p0_total,Rrup_km,6.35,1.95,5,2.739752293e-06,0.00027397523
PSA3p0_total,Rrup_km,6.35,2.05,3,7.489892412e-05,0.0074898924
PSA3p0_total,Rrup_km,6.35,2.05,5,3.423558546e-07,3.4235585e-05
PSA3p0_total,Rrup_km,6.35,2.25,3,7.011939605e-05,0.0070119396
PSA3p0_total,Rrup_km,6.35,2.25,5,3.424680524e-07,3.4246805e-05
PSA3p0_total,Rrup_km,6.35,2.85,3,5.859884671e-05,0.0058598847
PSA3p0_total,Rrup_km,6.35,2.85,5,3.424680524e-07,3.4246805e-05
PSA3p0_total,Rrup_km,6.35,3.05,3,5.543270339e-05,0.0055432703
PSA3p0_total,Rrup_km,6.35,3.05,5,3.423558546e-07,3.4235585e-05
PSA3p0_total,Rrup_km,6.35,3.65,3,4.556067442e-05,0.0045560674
PSA3p0_total,Rrup_km,6.35,3.65,5,3.424680524e-07,3.4246805e-05
PSA3p0_total,Rrup_km,6.35,4.05,3,3.97929199e-05,0.003979292
PSA3p0_total,Rrup_km,6.35,4.05,5,3.423558546e-07,3.4235585e-05
PSA3p0_total,Rrup_km,6.35,4.45,3,3.37695709e-05,0.0033769571
PSA3p0_total,Rrup_km,6.35,4.45,5,3.424680524e-07,3.4246805e-05
PSA3p0_total,Rrup_km,6.45,0.05,1,8.442658456e-05,0.0084426585
PSA3p0_total,Rrup_km,6.45,0.05,3,0.001164140803,0.11641408
PSA3p0_total,Rrup_km,6.45,0.05,5,2.345908472e-06,0.00023459085
PSA3p0_total,Rrup_km,6.45,1.05,3,0.0001249706392,0.012497064
PSA3p0_total,Rrup_km,6.45,1.05,5,2.932378209e-07,2.9323782e-05
PSA3p0_total,Rrup_km,6.45,1.95,3,0.0007887692682,0.078876927
PSA3p0_total,Rrup_km,6.45,1.95,5,2.346882821e-06,0.00023468828
PSA3p0_total,Rrup_km,6.45,2.05,3,9.831057082e-05,0.0098310571
PSA3p0_total,Rrup_km,6.45,2.05,5,2.932378209e-07,2.9323782e-05
PSA3p0_total,Rrup_km,6.45,2.25,3,9.264123542e-05,0.0092641235
PSA3p0_total,Rrup_km,6.45,2.25,5,2.933608448e-07,2.9336084e-05
PSA3p0_total,Rrup_km,6.45,2.85,3,7.870872853e-05,0.0078708729
PSA3p0_total,Rrup_km,6.45,2.85,5,2.933608448e-07,2.9336084e-05
PSA3p0_total,Rrup_km,6.45,3.05,3,7.481241371e-05,0.0074812414
PSA3p0_total,Rrup_km,6.45,3.05,5,2.932378209e-07,2.9323782e-05
PSA3p0_total,Rrup_km,6.45,3.65,3,6.25300019e-05,0.0062530002
PSA3p0_total,Rrup_km,6.45,3.65,5,2.933608448e-07,2.9336084e-05
PSA3p0_total,Rrup_km,6.45,4.05,3,5.521844495e-05,0.0055218445
PSA3p0_total,Rrup_km,6.45,4.05,5,2.932378209e-07,2.9323782e-05
PSA3p0_total,Rrup_km,6.45,4.45,3,4.748673674e-05,0.0047486737
PSA3p0_total,Rrup_km,6.45,4.45,5,2.933608448e-07,2.9336084e-05
PSA3p0_total,Rrup_km,6.55,0.05,1,0.0003428794444,0.034287944
PSA3p0_total,Rrup_km,6.55,0.05,3,0.001133040359,0.11330404
PSA3p0_total,Rrup_km,6.55,0.05,5,2.065866688e-06,0.00020658667
PSA3p0_total,Rrup_km,6.55,1.05,1,1.579804145e-05,0.0015798041
PSA3p0_total,Rrup_km,6.55,1.05,3,0.0001352642957,0.01352643
PSA3p0_total,Rrup_km,6.55,1.05,5,2.582330899e-07,2.5823309e-05
PSA3p0_total,Rrup_km,6.55,1.95,1,7.606302556e-05,0.0076063026
PSA3p0_total,Rrup_km,6.55,1.95,3,0.0008957065708,0.089570657
PSA3p0_total,Rrup_km,6.55,1.95,5,2.066949298e-06,0.00020669493
PSA3p0_total,Rrup_km,6.55,2.05,1,9.410846777e-06,0.00094108468
PSA3p0_total,Rrup_km,6.55,2.05,3,0.0001117175196,0.011171752
PSA3p0_total,Rrup_km,6.55,2.05,5,2.582330899e-07,2.5823309e-05
PSA3p0_total,Rrup_km,6.55,2.25,1,7.559110584e-06,0.00075591106
PSA3p0_total,Rrup_km,6.55,2.25,3,0.0001070800103,0.010708001
PSA3p0_total,Rrup_km,6.55,2.25,5,2.583689083e-07,2.5836891e-05
PSA3p0_total,Rrup_km,6.55,2.85,1,2.30555663e-06,0.00023055566
PSA3p0_total,Rrup_km,6.55,2.85,3,9.616660856e-05,0.0096166609
PSA3p0_total,Rrup_km,6.55,2.85,5,2.583689083e-07,2.5836891e-05
PSA3p0_total,Rrup_km,6.55,3.05,1,6.727232754e-07,6.7272328e-05
PSA3p0_total,Rrup_km,6.55,3.05,3,9.322141618e-05,0.0093221416
PSA3p0_total,Rrup_km,6.55,3.05,5,2.582330899e-07,2.5823309e-05
PSA3p0_total,Rrup_km,6.55,3.65,3,7.938181694e-05,0.0079381817
PSA3p0_total,Rrup_km,6.55,3.65,5,2.583689083e-07,2.5836891e-05
PSA3p0_total,Rrup_km,6.55,4.05,3,7.062940397e-05,0.0070629404
PSA3p0_total,Rrup_km,6.55,4.05,5,2.582330899e-07,2.5823309e-05
PSA3p0_total,Rrup_km,6.55,4.45,3,6.130556954e-05,0.006130557
PSA3p0_total,Rrup_km,6.55,4.45,5,2.583689083e-07,2.5836891e-05
PSA3p0_total,Rrup_km,6.65,0.05,1,0.0005321846986,0.05321847
PSA3p0_total,Rrup_km,6.65,0.05,3,0.001161896847,0.11618968
PSA3p0_total,Rrup_km,6.65,0.05,5,1.887629649e-06,0.00018876296
PSA3p0_total,Rrup_km,6.65,1.05,1,3.394456011e-05,0.003394456
PSA3p0_total,Rrup_km,6.65,1.05,3,0.0001418997133,0.014189971
PSA3p0_total,Rrup_km,6.65,1.05,5,2.359539521e-07,2.3595395e-05
PSA3p0_total,Rrup_km,6.65,1.95,1,0.0001556616598,0.015566166
PSA3p0_total,Rrup_km,6.65,1.95,3,0.0009881477201,0.098814772
PSA3p0_total,Rrup_km,6.65,1.95,5,1.888249689e-06,0.00018882497
PSA3p0_total,Rrup_km,6.65,2.05,1,1.935402293e-05,0.0019354023
PSA3p0_total,Rrup_km,6.65,2.05,3,0.0001232630674,0.012326307
PSA3p0_total,Rrup_km,6.65,2.05,5,2.359539521e-07,2.3595395e-05
PSA3p0_total,Rrup_km,6.65,2.25,1,1.739813962e-05,0.001739814
PSA3p0_total,Rrup_km,6.65,2.25,3,0.000117894304,0.01178943
PSA3p0_total,Rrup_km,6.65,2.25,5,2.360317032e-07,2.360317e-05
PSA3p0_total,Rrup_km,6.65,2.85,1,1.182810912e-05,0.0011828109
PSA3p0_total,Rrup_km,6.65,2.85,3,0.0001051578848,0.010515788
PSA3p0_total,Rrup_km,6.65,2.85,5,2.360317032e-07,2.360317e-05
PSA3p0_total,Rrup_km,6.65,3.05,1,1.008825579e-05,0.0010088256
PSA3p0_total,Rrup_km,6.65,3.05,3,0.0001017053418,0.010170534
PSA3p0_total,Rrup_km,6.65,3.05,5,2.359539521e-07,2.3595395e-05
PSA3p0_total,Rrup_km,6.65,3.65,1,4.074817594e-06,0.00040748176
PSA3p0_total,Rrup_km,6.65,3.65,3,9.108404799e-05,0.0091084048
PSA3p0_total,Rrup_km,6.65,3.65,5,2.360317032e-07,2.360317e-05
PSA3p0_total,Rrup_km,6.65,4.05,1,1.28720408e-07,1.2872041e-05
PSA3p0_total,Rrup_km,6.65,4.05,3,8.496168935e-05,0.0084961689
PSA3p0_total,Rrup_km,6.65,4.05,5,2.359539521e-07,2.3595395e-05
PSA3p0_total,Rrup_km,6.65,4.45,3,7.427337215e-05,0.0074273372
PSA3p0_total,Rrup_km,6.65,4.45,5,2.360317032e-07,2.360317e-05
PSA3p0_total,Rrup_km,6.75,0.05,1,0.004138790027,0.413879
PSA3p0_total,Rrup_km,6.75,0.05,3,0.006982197345,0.69821973
PSA3p0_total,Rrup_km,6.75,0.05,5,1.002713751e-05,0.0010027138
PSA3p0_total,Rrup_km,6.75,1.05,1,0.0003158771727,0.031587717
PSA3p0_total,Rrup_km,6.75,1.05,3,0.0008556440809,0.085564408
PSA3p0_total,Rrup_km,6.75,1.05,5,1.25339711e-06,0.00012533971
PSA3p0_total,Rrup_km,6.75,1.95,1,0.001360920006,0.136092
PSA3p0_total,Rrup_km,6.75,1.95,3,0.006352226354,0.63522264
PSA3p0_total,Rrup_km,6.75,1.95,5,1.002713751e-05,0.0010027138
PSA3p0_total,Rrup_km,6.75,2.05,1,0.0001695220255,0.016952203
PSA3p0_total,Rrup_km,6.75,2.05,3,0.0007926391083,0.079263911
PSA3p0_total,Rrup_km,6.75,2.05,5,1.25339711e-06,0.00012533971
PSA3p0_total,Rrup_km,6.75,2.25,1,0.0001575552438,0.015755524
PSA3p0_total,Rrup_km,6.75,2.25,3,0.0007574532861,0.075745329
PSA3p0_total,Rrup_km,6.75,2.25,5,1.25339711e-06,0.00012533971
PSA3p0_total,Rrup_km,6.75,2.85,1,0.0001234805736,0.012348057
PSA3p0_total,Rrup_km,6.75,2.85,3,0.0006735362174,0.067353622
PSA3p0_total,Rrup_km,6.75,2.85,5,1.25339711e-06,0.00012533971
PSA3p0_total,Rrup_km,6.75,3.05,1,0.0001128237506,0.011282375
PSA3p0_total,Rrup_km,6.75,3.05,3,0.0006507433318,0.065074333
PSA3p0_total,Rrup_km,6.75,3.05,5,1.25339711e-06,0.00012533971
PSA3p0_total,Rrup_km,6.75,3.65,1,7.576245354e-05,0.0075762454
PSA3p0_total,Rrup_km,6.75,3.65,3,0.0005789574046,0.05789574
PSA3p0_total,Rrup_km,6.75,3.65,5,1.25339711e-06,0.00012533971
PSA3p0_total,Rrup_km,6.75,4.05,1,5.133236571e-05,0.0051332366
PSA3p0_total,Rrup_km,6.75,4.05,3,0.0005373457977,0.05373458
PSA3p0_total,Rrup_km,6.75,4.05,5,1.25339711e-06,0.00012533971
PSA3p0_total,Rrup_km,6.75,4.45,1,2.331805011e-05,0.002331805
PSA3p0_total,Rrup_km,6.75,4.45,3,0.0004935660174,0.049356602
PSA3p0_total,Rrup_km,6.75,4.45,5,1.25339711e-06,0.00012533971
PSA3p0_total,Rrup_km,6.85,0.05,1,0.01501295207,1.5012952
PSA3p0_total,Rrup_km,6.85,0.05,3,0.01717197246,1.7171972
PSA3p0_total,Rrup_km,6.85,0.05,5,2.393828745e-05,0.0023938287
PSA3p0_total,Rrup_km,6.85,1.05,1,0.001292390768,0.12923908
PSA3p0_total,Rrup_km,6.85,1.05,3,0.002146491637,0.21464916
PSA3p0_total,Rrup_km,6.85,1.05,5,2.992276089e-06,0.00029922761
PSA3p0_total,Rrup_km,6.85,1.95,1,0.005760028624,0.57600286
PSA3p0_total,Rrup_km,6.85,1.95,3,0.01717905864,1.7179059
PSA3p0_total,Rrup_km,6.85,1.95,5,2.394822778e-05,0.0023948228
PSA3p0_total,Rrup_km,6.85,2.05,1,0.0007141656015,0.07141656
PSA3p0_total,Rrup_km,6.85,2.05,3,0.002146491637,0.21464916
PSA3p0_total,Rrup_km,6.85,2.05,5,2.992276089e-06,0.00029922761
PSA3p0_total,Rrup_km,6.85,2.25,1,0.0006018782351,0.060187824
PSA3p0_total,Rrup_km,6.85,2.25,3,0.002127693583,0.21276936
PSA3p0_total,Rrup_km,6.85,2.25,5,2.993526012e-06,0.0002993526
PSA3p0_total,Rrup_km,6.85,2.85,1,0.0004639664649,0.046396646
PSA3p0_total,Rrup_km,6.85,2.85,3,0.001931908414,0.19319084
PSA3p0_total,Rrup_km,6.85,2.85,5,2.993526012e-06,0.0002993526
PSA3p0_total,Rrup_km,6.85,3.05,1,0.0004345893396,0.043458934
PSA3p0_total,Rrup_km,6.85,3.05,3,0.001865052301,0.18650523
PSA3p0_total,Rrup_km,6.85,3.05,5,2.992276089e-06,0.00029922761
PSA3p0_total,Rrup_km,6.85,3.65,1,0.0003328712034,0.03328712
PSA3p0_total,Rrup_km,6.85,3.65,3,0.001655655766,0.16556558
PSA3p0_total,Rrup_km,6.85,3.65,5,2.993526012e-06,0.0002993526
PSA3p0_total,Rrup_km,6.85,4.05,1,0.0002652562788,0.026525628
PSA3p0_total,Rrup_km,6.85,4.05,3,0.001531637824,0.15316378
PSA3p0_total,Rrup_km,6.85,4.05,5,2.992276089e-06,0.00029922761
PSA3p0_total,Rrup_km,6.85,4.45,1,0.000187595714,0.018759571
PSA3p0_total,Rrup_km,6.85,4.45,3,0.001401094694,0.14010947
PSA3p0_total,Rrup_km,6.85,4.45,5,2.993526012e-06,0.0002993526
PSA3p0_total,Rrup_km,6.95,0.05,1,0.03736846312,3.7368463
PSA3p0_total,Rrup_km,6.95,0.05,3,0.03066415218,3.0664152
PSA3p0_total,Rrup_km,6.95,0.05,5,4.274687158e-05,0.0042746872
PSA3p0_total,Rrup_km,6.95,1.05,1,0.003528433968,0.3528434
PSA3p0_total,Rrup_km,6.95,1.05,3,0.003833021483,0.38330215
PSA3p0_total,Rrup_km,6.95,1.05,5,5.343361408e-06,0.00053433614
PSA3p0_total,Rrup_km,6.95,1.95,1,0.01902717301,1.9027173
PSA3p0_total,Rrup_km,6.95,1.95,3,0.03067694667,3.0676947
PSA3p0_total,Rrup_km,6.95,1.95,5,4.276468544e-05,0.0042764685
PSA3p0_total,Rrup_km,6.95,2.05,1,0.002366153287,0.23661533
PSA3p0_total,Rrup_km,6.95,2.05,3,0.003833021483,0.38330215
PSA3p0_total,Rrup_km,6.95,2.05,5,5.343361408e-06,0.00053433614
PSA3p0_total,Rrup_km,6.95,2.25,1,0.002097597014,0.2097597
PSA3p0_total,Rrup_km,6.95,2.25,3,0.003834625715,0.38346257
PSA3p0_total,Rrup_km,6.95,2.25,5,5.34558568e-06,0.00053455857
PSA3p0_total,Rrup_km,6.95,2.85,1,0.001412373526,0.14123735
PSA3p0_total,Rrup_km,6.95,2.85,3,0.003834625715,0.38346257
PSA3p0_total,Rrup_km,6.95,2.85,5,5.34558568e-06,0.00053455857
PSA3p0_total,Rrup_km,6.95,3.05,1,0.001263317758,0.12633178
PSA3p0_total,Rrup_km,6.95,3.05,3,0.003784599272,0.37845993
PSA3p0_total,Rrup_km,6.95,3.05,5,5.343361408e-06,0.00053433614
PSA3p0_total,Rrup_km,6.95,3.65,1,0.0009429221628,0.094292216
PSA3p0_total,Rrup_km,6.95,3.65,3,0.003457562355,0.34575624
PSA3p0_total,Rrup_km,6.95,3.65,5,5.34558568e-06,0.00053455857
PSA3p0_total,Rrup_km,6.95,4.05,1,0.0007721876137,0.077218761
PSA3p0_total,Rrup_km,6.95,4.05,3,0.003226001833,0.32260018
PSA3p0_total,Rrup_km,6.95,4.05,5,5.343361408e-06,0.00053433614
PSA3p0_total,Rrup_km,6.95,4.45,1,0.0006123352674,0.061233527
PSA3p0_total,Rrup_km,6.95,4.45,3,0.002945891155,0.29458912
PSA3p0_total,Rrup_km,6.95,4.45,5,5.34558568e-06,0.00053455857
PSA3p0_total,Rrup_km,7.05,0.05,1,0.08609163935,8.6091639
PSA3p0_total,Rrup_km,7.05,0.05,3,0.05366224171,5.3662242
PSA3p0_total,Rrup_km,7.05,0.05,5,7.480700066e-05,0.0074807001
PSA3p0_total,Rrup_km,7.05,1.95,1,0.05084804519,5.0848045
PSA3p0_total,Rrup_km,7.05,1.95,3,0.05368458285,5.3684583
PSA3p0_total,Rrup_km,7.05,1.95,5,7.483819952e-05,0.00748382
PSA3p0_total,Rrup_km,7.15,0.05,1,0.108966705,10.89667
PSA3p0_total,Rrup_km,7.15,0.05,3,0.05366224171,5.3662242
PSA3p0_total,Rrup_km,7.15,0.05,5,7.480700066e-05,0.0074807001
PSA3p0_total,Rrup_km,7.15,1.95,1,0.07082437226,7.0824372
PSA3p0_total,Rrup_km,7.15,1.95,3,0.05368458285,5.3684583
PSA3p0_total,Rrup_km,7.15,1.95,5,7.483819952e-05,0.00748382
PSA3p0_total,Rrup_km,7.25,0.05,1,0.06703759792,6.7037598
PSA3p0_total,Rrup_km,7.25,0.05,3,0.02683112085,2.6831121
PSA3p0_total,Rrup_km,7.25,0.05,5,3.740350033e-05,0.00374035
PSA3p0_total,Rrup_km,7.25,1.95,1,0.04659210687,4.6592107
PSA3p0_total,Rrup_km,7.25,1.95,3,0.02683112085,2.6831121
PSA3p0_total,Rrup_km,7.25,1.95,5,3.740350033e-05,0.00374035
Displacement_total_plot_binned,x_over_L,6.65,0.125,2,0.0003003003003,0.03003003
Displacement_total_plot_binned,x_over_L,6.65,0.175,2,0.0001001001001,0.01001001
Displacement_total_plot_binned,x_over_L,6.65,0.275,2,0.0001001001001,0.01001001
Displacement_total_plot_binned,x_over_L,6.75,0.025,2,0.0009009009009,0.09009009
Displacement_total_plot_binned,x_over_L,6.75,0.075,2,0.001201201201,0.12012012
Displacement_total_plot_binned,x_over_L,6.75,0.125,2,0.005605605606,0.56056056
Displacement_total_plot_binned,x_over_L,6.75,0.175,2,0.0003003003003,0.03003003
Displacement_total_plot_binned,x_over_L,6.75,0.225,2,0.001101101101,0.11011011
Displacement_total_plot_binned,x_over_L,6.75,0.275,2,0.0006006006006,0.06006006
Displacement_total_plot_binned,x_over_L,6.75,0.325,1.25,0.0002002002002,0.02002002
Displacement_total_plot_binned,x_over_L,6.75,0.375,1.25,0.0004004004004,0.04004004
Displacement_total_plot_binned,x_over_L,6.75,0.425,1.25,0.0001001001001,0.01001001
Displacement_total_plot_binned,x_over_L,6.75,0.475,1.25,0.0002002002002,0.02002002
Displacement_total_plot_binned,x_over_L,6.85,0.025,2,0.003403403403,0.34034034
Displacement_total_plot_binned,x_over_L,6.85,0.075,2,0.004504504505,0.45045045
Displacement_total_plot_binned,x_over_L,6.85,0.125,1.25,0.005805805806,0.58058058
Displacement_total_plot_binned,x_over_L,6.85,0.125,2,0.03033033033,3.033033
Displacement_total_plot_binned,x_over_L,6.85,0.175,1.25,0.004504504505,0.45045045
Displacement_total_plot_binned,x_over_L,6.85,0.225,1.25,0.002302302302,0.23023023
Displacement_total_plot_binned,x_over_L,6.85,0.275,1.25,0.001001001001,0.1001001
Displacement_total_plot_binned,x_over_L,6.85,0.325,1.25,0.001301301301,0.13013013
Displacement_total_plot_binned,x_over_L,6.85,0.375,1.25,0.0002002002002,0.02002002
Displacement_total_plot_binned,x_over_L,6.85,0.425,1.25,0.0006006006006,0.06006006
Displacement_total_plot_binned,x_over_L,6.85,0.475,0.75,0.0003003003003,0.03003003
Displacement_total_plot_binned,x_over_L,6.95,0.025,1.25,0.002502502503,0.25025025
Displacement_total_plot_binned,x_over_L,6.95,0.025,2,0.003603603604,0.36036036
Displacement_total_plot_binned,x_over_L,6.95,0.075,1.25,0.006406406406,0.64064064
Displacement_total_plot_binned,x_over_L,6.95,0.125,0.75,0.007307307307,0.73073073
Displacement_total_plot_binned,x_over_L,6.95,0.125,1.25,0.1079079079,10.790791
Displacement_total_plot_binned,x_over_L,6.95,0.175,0.75,0.004304304304,0.43043043
Displacement_total_plot_binned,x_over_L,6.95,0.225,0.75,0.003503503504,0.35035035
Displacement_total_plot_binned,x_over_L,6.95,0.275,0.75,0.0007007007007,0.07007007
Displacement_total_plot_binned,x_over_L,6.95,0.325,0.75,0.001001001001,0.1001001
Displacement_total_plot_binned,x_over_L,6.95,0.375,0.75,0.0004004004004,0.04004004
Displacement_total_plot_binned,x_over_L,6.95,0.425,0.75,0.0004004004004,0.04004004
Displacement_total_plot_binned,x_over_L,6.95,0.475,0.75,0.0001001001001,0.01001001
Displacement_total_plot_binned,x_over_L,7.05,0.025,1.25,0.02582582583,2.5825826
Displacement_total_plot_binned,x_over_L,7.05,0.075,1.25,0.02392392392,2.3923924
Displacement_total_plot_binned,x_over_L,7.05,0.125,0.75,0.1768768769,17.687688
Displacement_total_plot_binned,x_over_L,7.05,0.175,0.75,0.002702702703,0.27027027
Displacement_total_plot_binned,x_over_L,7.05,0.225,0.75,0.003303303303,0.33033033
Displacement_total_plot_binned,x_over_L,7.05,0.275,0.75,0.001401401401,0.14014014
Displacement_total_plot_binned,x_over_L,7.05,0.325,0.25,0.0005005005005,0.05005005
Displacement_total_plot_binned,x_over_L,7.05,0.375,0.25,0.0004004004004,0.04004004
Displacement_total_plot_binned,x_over_L,7.05,0.425,0.25,0.0002002002002,0.02002002
Displacement_total_plot_binned,x_over_L,7.05,0.475,0.25,0.0001001001001,0.01001001
Displacement_total_plot_binned,x_over_L,7.15,0.025,1.25,0.01231231231,1.2312312
Displacement_total_plot_binned,x_over_L,7.15,0.075,0.75,0.008108108108,0.81081081
Displacement_total_plot_binned,x_over_L,7.15,0.075,1.25,0.006006006006,0.6006006
Displacement_total_plot_binned,x_over_L,7.15,0.125,0.75,0.2945945946,29.459459
Displacement_total_plot_binned,x_over_L,7.15,0.175,0.75,0.004404404404,0.44044044
Displacement_total_plot_binned,x_over_L,7.15,0.225,0.25,0.002102102102,0.21021021
Displacement_total_plot_binned,x_over_L,7.15,0.275,0.25,0.0006006006006,0.06006006
Displacement_total_plot_binned,x_over_L,7.15,0.325,0.25,0.0001001001001,0.01001001
Displacement_total_plot_binned,x_over_L,7.15,0.425,0.25,0.0001001001001,0.01001001
Displacement_total_plot_binned,x_over_L,7.25,0.025,0.75,0.001201201201,0.12012012
Displacement_total_plot_binned,x_over_L,7.25,0.025,1.25,0.002602602603,0.26026026
Displacement_total_plot_binned,x_over_L,7.25,0.075,0.75,0.003903903904,0.39039039
Displacement_total_plot_binned,x_over_L,7.25,0.125,0.25,0.004304304304,0.43043043
Displacement_total_plot_binned,x_over_L,7.25,0.125,0.75,0.2189189189,21.891892
Displacement_total_plot_binned,x_over_L,7.25,0.175,0.25,0.001101101101,0.11011011
Displacement_total_plot_binned,x_over_L,7.25,0.225,0.25,0.0007007007007,0.07007007
Displacement_total_plot_binned,x_over_L,7.25,0.275,0.25,0.0001001001001,0.01001001
Displacement_total_plot_binned,x_over_L,7.25,0.325,0.25,0.0001001001001,0.01001001
